{"gameIcon": "","gameIconSrcFilename": "","gameType": -1,"playerCount": 1,"tileWidth": 24,"tileHeight": 24,"screenWidth": 312,"screenHeight": 240,"loadingSceneId": -1,"logoSizeId": 1,"disableLogo": 0,"screenSettings": 0,"displayMenuBar": false,"displayMousePointer": true,"magnifyWindow":false,"windowMagnification":2,"adjustPixelMagnification":false,"pixelMagnificationType":0,"screenEffectValueList": [],"screenEffectFlagList": [],"initialLocale": "zh_CN","wallDetectionOverlapMargin": 0.600000,"multithreading": true,"inputMapping": { 		"inputMappingList": [ { "id": 1, "system": true, "keyId": 1, "custom1Input": 0, "custom2Input": 1, "diInput": 0, "pcInput": 115 }, { "id": 2, "system": true, "keyId": 2, "custom1Input": 1, "custom2Input": 2, "diInput": 1, "pcInput": -1 }, { "id": 3, "system": true, "keyId": 3, "custom1Input": 2, "custom2Input": 0, "diInput": 2, "pcInput": 119 }, { "id": 4, "system": true, "keyId": 4, "custom1Input": 3, "custom2Input": 3, "diInput": 3, "pcInput": -1 }, { "id": 5, "system": true, "keyId": 5, "custom1Input": 5, "custom2Input": 5, "diInput": 5, "pcInput": -1 }, { "id": 6, "system": true, "keyId": 6, "custom1Input": 23, "custom2Input": 22, "diInput": 11, "pcInput": 100 }, { "id": 7, "system": true, "keyId": 7, "custom1Input": 4, "custom2Input": 4, "diInput": 4, "pcInput": -1 }, { "id": 8, "system": true, "keyId": 8, "custom1Input": 22, "custom2Input": 21, "diInput": 10, "pcInput": 97 }, { "id": 9, "system": true, "keyId": 9, "custom1Input": 10, "custom2Input": 14, "diInput": 12, "pcInput": 10 }, { "id": 10, "system": true, "keyId": 10, "custom1Input": 12, "custom2Input": 16, "diInput": 14, "pcInput": 12 }, { "id": 11, "system": true, "keyId": 11, "custom1Input": 13, "custom2Input": 17, "diInput": 15, "pcInput": 13 }, { "id": 12, "system": true, "keyId": 12, "custom1Input": 11, "custom2Input": 15, "diInput": 13, "pcInput": 11 }, { "id": 13, "system": true, "keyId": 13, "custom1Input": 24, "custom2Input": 24, "diInput": 24, "pcInput": 28 }, { "id": 14, "system": true, "keyId": 14, "custom1Input": 26, "custom2Input": 26, "diInput": 24, "pcInput": 28 }, { "id": 15, "system": true, "keyId": 15, "custom1Input": 27, "custom2Input": 27, "diInput": 24, "pcInput": 28 }, { "id": 16, "system": true, "keyId": 16, "custom1Input": 25, "custom2Input": 25, "diInput": 24, "pcInput": 28 }, { "id": 17, "system": true, "keyId": 17, "custom1Input": 28, "custom2Input": 28, "diInput": 24, "pcInput": 28 }, { "id": 18, "system": true, "keyId": 18, "custom1Input": 30, "custom2Input": 30, "diInput": 24, "pcInput": 28 }, { "id": 19, "system": true, "keyId": 19, "custom1Input": 31, "custom2Input": 31, "diInput": 24, "pcInput": 28 }, { "id": 20, "system": true, "keyId": 20, "custom1Input": 29, "custom2Input": 29, "diInput": 24, "pcInput": 28 }, { "id": 21, "system": true, "keyId": 26, "custom1Input": 0, "custom2Input": 1, "diInput": 6, "pcInput": 0 }, { "id": 22, "system": true, "keyId": 27, "custom1Input": 1, "custom2Input": 2, "diInput": 7, "pcInput": 1 }, { "id": 23, "system": false, "keyId": 9, "custom1Input": 24, "custom2Input": 24, "diInput": 12, "pcInput": 10 }, { "id": 24, "system": false, "keyId": 10, "custom1Input": 26, "custom2Input": 26, "diInput": 14, "pcInput": 12 }, { "id": 25, "system": false, "keyId": 11, "custom1Input": 27, "custom2Input": 27, "diInput": 15, "pcInput": 13 }, { "id": 26, "system": false, "keyId": 12, "custom1Input": 25, "custom2Input": 25, "diInput": 13, "pcInput": 11 } ],
		"operationKeyList": [  ] },"gameInformation": {
		"title": "图块",
		"author": "",
		"genre": "",
		"description": "",
		"mainLanguage": "zh_CN",
		"language": [ "zh_CN" ]
	},"soundSetting": {
		"bgmVolume": 100,
		"seVolume": 100,
		"voiceVolume": 100
	},"playerCharacter": [ [  ], [  ], [  ], [  ] ],"actionProgramSetting": {
	"autoApart": true,
	"gridShow": true,
	"gridMagnet": true,
	"actionIconHide": true,
	"memo": ""
},"objectGroup": [ "玩家群组", "敌人群组" ],"tileGroup": [ "默认图块" ],"transitionFlow": {
	"flowScreenList": [  ],
	"flowLinkList": [  ],
	"flowGroupList": [  ]
},"sceneList": [],"tilesetList": [],"imageList": [],"fontList": [],"textList": [],"movieList": [],"bgmList": [],"seList": [],"voiceList": [],"variableList": [],"switchList": [],"animationOnlyList": [],"objectList": [],"animationList": [],"transitionPortalList": [],"pluginList": [],"objectActionProgramSettings": {
	"autoApart": true,
	"gridShow": true,
	"gridMagnet": true,
	"actionIconHide": true,
	"memo": ""
}
,"animParticleImageList": []}