{"img/236.png":{"digest":"McFsjDZSPW/nUCVZmmkl7+ATNt1lBxyin3FF2P3EGX3dq6UMmlnIuQZ6A2nR3wgvk4pWBQs84MUQEznjWC/VMw==","datetime":"2018/08/16 21:12:44"},"img/229.png":{"digest":"DMsHSs5EKHatV1kO7Pi6as4smGR2ijxsMzO8WlEvol2erxTBTwHSZrJeYtzBngfgpaeaorh7mXLrZIBjiSdfeQ==","datetime":"2018/08/16 21:12:44"},"img/basetile.png":{"digest":"EyszpY4fFbNhvTNok7lIsjPcv6otbzQgIbQotMuLv/+SIsFl6U5nFQryNQDh+Yy59WsNq/zr2PsOtqmA+67AnQ==","datetime":"2018/02/05 14:40:39"},"audio/se154.ogg":{"digest":"HpYZ9K6h9aDtp9kPB5zzASKByys66Iudz4KBZhbuajuM/l5EhioIBuJ7fik1+qHzHiM1sU9z2RJ9x7Cn+y+mSA==","datetime":"2018/08/16 21:12:47"},"audio/se057.ogg":{"digest":"5rPjnnWzcW9WKiPb0usFVfyNFhkdw4dAuiEdapu9YiUa46mh9fxIjN6YCY+JvAyLRqSZsbdJLS5GutnUJu9x+w==","datetime":"2018/08/16 21:12:46"},"img/242.png":{"digest":"4Ro/EMyRRznli+KA6KIfmGK1ZNUtws9GNAkQuG2WqH32yN+TePcYzCES9DKp+CwFr1zTbUhPcYiVRLQAe/T31g==","datetime":"2018/08/16 21:12:44"},"audio/se079.ogg":{"digest":"WEdOGTSp+wCsCe8jRNHAznW7J1AAEiarv+YiDJQea1oRx5w1bfmYrFYgRYwJtwLQWwVt8GGl2pArihC5mFE+Fw==","datetime":"2018/08/16 21:12:46"},"img/052.png":{"digest":"TZysEJXZ/ocmhR56jAJ/07BMtnnru4inGQGaFrUjSTwAQzRREvGFarYxKzN9cnKaGVUzH9jQOnNn2+sef4WA5w==","datetime":"2018/08/16 21:12:43"},"img/234.png":{"digest":"sG15zKlfjeJZXwRi8Z9bq5lA0b8hSMCdAuKTPVAFjfgXBKkku47r7SYGfkMiwqStgXOfIJyv9ygNkyMULOWv1A==","datetime":"2018/08/16 21:12:44"},"audio/se114.ogg":{"digest":"ed7eDtSPfOMTjFGv7cY9IbonrnBs4Ny08Cw7yRwUdqaGIuAqdhOEp6FbgRCqehJEcjD5lus80iVVa9CB4MCwlQ==","datetime":"2018/08/16 21:12:46"},"img/113.png":{"digest":"77wT3+xeeqX2NVJqWL0qc4UHgyeIAL7ZY9nzVrTpKANkvRdLObkZoky3Zfi9tiRZ3Q8wtCg5QJsb45y18kAuxQ==","datetime":"2018/08/16 21:12:44"},"audio/se135.ogg":{"digest":"9oH9wGqPU3rROEu+AN4BosviL5JFp8Zh3asxpsu5pf/hfmQ9yaLPybDHQtNzp1fmws10eXhvmOloBSVWZ8ItqA==","datetime":"2018/08/16 21:12:47"},"img/054.png":{"digest":"Z5oVlGv4BVA7IKARL6l4J4MLFo4dDlcOJFs3KfMfRXLtbiKSLPAkGS85WyrnXTwy7rZ+imtwqtjRFc7fNl/1JA==","datetime":"2018/08/16 21:12:44"},"img/161.png":{"digest":"g6FB0k6nimBjCuRtZ+xsqMZXESy4elevnzc6RVJEUnA5Ah2Xpd9IkJSrdi4C4eq7Cij8hb5Yge3+BXzffEZzQQ==","datetime":"2018/08/16 21:12:43"},"img/033.png":{"digest":"DH/XzXCWeOwtWRVbkbhoKtk1A53NNjnjze9lKxJ/XtGwczhi8MovS+D0wbNtddEvzAIyzekfMCJoJC111InzFA==","datetime":"2018/08/16 21:12:42"},"img/209.png":{"digest":"5KSH5iDS2QFuZ64+3N43ty18WJYhXhNf4/9GzdGnxRMj5c7Nok2/shYfGRZZYvshXTRP+ypXxvIJXdOU+tUl/A==","datetime":"2018/08/16 21:12:44"},"audio/se107.ogg":{"digest":"FckOlBCjy6fXWI7d0Om0NY3JNqqVkPmSUnfBzVeMc/NtrzqqFJn1DDTTqJIS8aMwSDTEdM+oRsArfAQ6u7kLgQ==","datetime":"2018/08/16 21:12:46"},"img/182.png":{"digest":"7Ex5otJ0947GH4FhkfVW9Pw84G96k5AAoIQTVTLlmhXjSUj3uBuFnOe3ghE76MAnbvpK2vatdfh+sgggf7PwPg==","datetime":"2018/08/16 21:12:43"},"img/233.png":{"digest":"UEbhELqmZnTwZ0BHfDX2uN+R1Nj+aghQPLgcsa4XyOfGazUVi3F9uDbn0N1GK9ji/2+KzE1Y8Sg0hsA9xreiJA==","datetime":"2018/08/16 21:12:44"},"img/218.png":{"digest":"vSDzqoerICBGBQ3VERFp+5ni/t6+LZJzVhKyOKfYqr/t9KnT/9Szvcnt7q1N1zxO5Z0ema0L5/ISUtELlL4g6g==","datetime":"2018/08/16 21:12:44"},"img/259.png":{"digest":"lw2Jz6xswIILlPVGFOlFj4Kblls0CfDRlpM4cJYvdDpET2KvQ2X0i6aCf3HJs6Q7UMuB38jQoBSBthSUqomAkg==","datetime":"2020/11/28 13:41:07"},"audio/se001.ogg":{"digest":"7cwJWCNcf4JndPm4nSuTP77Ul8awar/+zmkqrvEKAoU+t4bUdlu8lPBD6fripHFjYd5oUP06cnC+dGeyqs7TkA==","datetime":"2018/08/16 21:12:45"},"img/034.png":{"digest":"Yna4BANsANR2zJS8ShVPn1JGlfK7X1J8VWGCp0BMwCy2LPm31oTfwWSp9r1Zv7Z+Z4VGhU2a7ptk7Yv/uDwyJw==","datetime":"2018/08/16 21:12:42"},"audio/se049.ogg":{"digest":"GbILIVigKFU8DczIOtgiELBbhBp9Y3vInYwsWwAZW7bEAcEWDf86Z57TPxMRclT+MwzQ2Fbdt+1HmCCtOoTjFw==","datetime":"2018/08/16 21:12:45"},"img/044.png":{"digest":"8gMctyCr8dRkg2gyuclmIG3K5RWTDxNPhWtFDeIlE5SpAq35rs19pcZDY+Bu5p+lEUZxOdir65Xl+uQUXZCOQA==","datetime":"2018/08/16 21:12:42"},"img/037.png":{"digest":"lw6gQnZECFnudbZehDCJdq2jGYnNUvR0UskWF53FFoveI8gCKDlFU7B6ohRYyv3lCCqG+OtWoL7sd02Hhge11A==","datetime":"2018/08/16 21:12:42"},"img/192.png":{"digest":"O9K4M16hZYaI53Crh/VWO2qH5wLcsiOdyh8qmX0Mh5xG47r2rq2CkIn4PzobievPA5mhNMVDO6kk1tz9Ezo2yA==","datetime":"2018/08/16 21:12:43"},"audio/se098.ogg":{"digest":"HiHun9e/Jk8os9RSVWKvr23PhrSFk/9FthjBgcvokE5IH0lnswRG5KgHCTG/0u6/JfFt9nujZ7FmrA6fIgWGAg==","datetime":"2018/08/16 21:12:46"},"audio/se034.ogg":{"digest":"4pO4eC9RQhlQ9+B3402badmIGceU3N6jGJ5svYEw1OgV+1+cxkyli1ZZFq9XufKVj5EJ16A78xjIl3rDScsNBw==","datetime":"2018/08/16 21:12:45"},"audio/se128.ogg":{"digest":"4JvZSJ88pxCZ1MHvPsNBrNYFDNP96kLRLgagDOXRBIvd4FS/o2F/I4lO8Tj9E9i5V0Tssr+8LPKQBBcrcDt53A==","datetime":"2018/08/16 21:12:47"},"img/141.png":{"digest":"I8bxi3Fjrjukh0UakoIkWS3mY9V2DCiL5oV0T7Daq46z4rPbppfkV9+tTpHv1psI5Bx8/e19ImZYRVVoad7haA==","datetime":"2018/08/16 21:12:43"},"img/243.png":{"digest":"kpGO8ydTTOHI5SAeXUT4ZG67OxO+6fFvoG05Vd5xKgc4XQHZomDDkSltC7G2QH5v4sxYh3DFSC5IVUDrFUzbcA==","datetime":"2018/08/16 21:12:44"},"audio/bgm001.ogg":{"digest":"wZ35QBs32QIJUaIBziQn+JAFagTDhcyAFluchQzfk9cfMHMBh88w37eUSVYsiVqtHJircZGU1CcVVU+EdWL1IQ==","datetime":"2018/08/16 21:12:44"},"img/264.png":{"digest":"iz9fXei0hFR1lTAcmXNCIL+FHxe6bViTQ0LzEo7yz/iWjdAM2h+x/3esx7z1oEGN8FJhuASTpZI6TzrvoyQl7Q==","datetime":"2020/11/28 21:11:18"},"audio/bgm022.ogg":{"digest":"gxCFUn4hYNFPXm2NQuMRWVyAyLXrlRaAhvDM2AKuYv4HbHvS939BdrgmDxPP1h1Aebi5TduP73o18pSt9n4UVQ==","datetime":"2018/08/16 21:12:45"},"img/140.png":{"digest":"1KAcX+kx5P9q/2+Of5dKrO5Djq7Zuvg1XLOU71H1NkgA04MWCP02WQ67IZeiR3NVmWuWDBm9XIl9aI9vMhJLLA==","datetime":"2018/08/16 21:12:43"},"audio/bgm026.ogg":{"digest":"c0BQmGV3q3oz1BvKUQmz6c1ZqoIHXvm0yd/VzwAR8d//53MyQlOlbzqiqnZ9MEC4sBtNj5tcDS/XpFKKNABQVg==","datetime":"2018/08/16 21:12:45"},"img/007.png":{"digest":"xx5j4Ci93nC7RRCTorT1vl5P5TtGaz1h9jFlNEsdFlMA8sVbkNJpBOod21dWnROCfmtyEm6Bg5txFkhqCyn4zQ==","datetime":"2018/08/16 21:12:44"},"audio/se011.ogg":{"digest":"PgV3Hur0dgPGpIC5idxIXaYFmtMkb1wpti//+CL/IZJfR8YHlC/OXaS/Djsliib+Ne0GbKGr1OBaFH4ekCV6uA==","datetime":"2018/08/16 21:12:45"},"img/115.png":{"digest":"YMs08BjGd72PT85Pc/TyuECOsDrlPyahj6O3RIEtUFVgWgdSabAuS+khVoCM1r3EpYrjiyMQ/LeA1ADAR+tVdA==","datetime":"2018/08/16 21:12:44"},"audio/bgm010.ogg":{"digest":"OAEcVUav3zTT1XlrnFXlxXh7fAuLQddrvMLn5J/Y4NYONdSe39xRYwOiFr0L145sQODtwcR+gRMtNzdp9SdCpQ==","datetime":"2018/08/16 21:12:44"},"audio/se172.ogg":{"digest":"GuTeQu61U7vuNiBb/05/FvsKVKRLnbqyJyrEIxe/mCp+HAC3dBKDY1/zm6qSJ7/S26o4WzDRw22bIL9eCeAHmw==","datetime":"2018/08/16 21:12:47"},"img/057.png":{"digest":"zo72GNH+CH90400deM9yovk6QXt+3a1MBf83R2tKNmnjCyxCWTXkNQSRLhGLJ1ocUIYwl/+Vlqd476EUPuOjwg==","datetime":"2018/04/09 11:17:19"},"audio/se086.ogg":{"digest":"nqE/vu/9dtI97jQGoi0o0KCxdwe5dOBikTRfQeHB4BgqFcbFqfyv5SUZE02ce+Jd9JlmYE7pDJndRxQayoUZ7g==","datetime":"2018/08/16 21:12:46"},"img/162.png":{"digest":"oKomINt3awpUs1R328bXyWp6IABXf2mqITaGXD0xNlTzmkMiqVaHQqzncWxkBWhBQBCtbCCd5iV62IK3HCsKKw==","datetime":"2018/08/16 21:12:43"},"audio/se133.ogg":{"digest":"Es4GBtkLruNbSF4/TvpvQDjTyQUutNKN8d4SU4BJAH14PUbsRjhYzcQmcSdgTOXixx/yOjYxiGak9g4vDhas5Q==","datetime":"2018/08/16 21:12:47"},"img/003.png":{"digest":"3IsjTz9hqdt5IyKjSM77MBi1EJBAXj94xEryxL5iXszphnn7MkD0e1Yc+/8ZbIl8ZasMWEneIEUZB0sfIRgBeA==","datetime":"2018/08/16 21:12:42"},"audio/se151.ogg":{"digest":"HhuKK+0wuZf1HaKdYEXAkZuMtHtTcynglR2V0BhmGqYfWDMU5Tk0AuNTiw1jDLeeJUQj5bOwGO12ViZ2SC3UiA==","datetime":"2018/08/16 21:12:47"},"img/035.png":{"digest":"GpVJFNOZyF9MPQt+1g6zhXAVLFyAMELBt64Jmc7USBjz8rVICQknvV9igFoHPj1s8rj34xHS8pIYsXT9Tc2DEg==","datetime":"2018/08/16 21:12:42"},"audio/se001.wav":{"digest":"E+eLwBPHJoZukflBqR3dwPh6WbX5Z4o/0ry87ZU4j60ByDQZgKeZOgaF4Yg7WWM7y+6G3NRx427xp8Q33qk/FQ==","datetime":"2018/02/14 12:53:49"},"img/097.png":{"digest":"jbcjWuIPqhBvFMlEMVe4ZAkmkCc3a/ZS6DRnxh99yKTz1UUqV2n4nSz2D1VONlnhpZD1q2LsbFhcXmoJaVPQ7g==","datetime":"2018/08/16 21:12:44"},"audio/se044.ogg":{"digest":"7n1j8DX0i/NrgjS7Fc4QfZ3pga+DOzswYJnyqXFt8jqT4uCpthmFtFR2lrGXNJBH3fsOiwqkHNjo4rxe4AYHsA==","datetime":"2018/08/16 21:12:45"},"audio/se176.ogg":{"digest":"ZtWdgnDekceC430C7o3mrcznhu7q8Cr1EIc8dKmVCUjeAAo74gQPegXDriSpe1zFUjNRydCqjQ6GBT3lUfdXpQ==","datetime":"2018/08/16 21:12:47"},"img/239.png":{"digest":"YORZJXxRRXB7e4xQWRLh/lwGlycOYEpgZYSHpguLpYbdPM1Acxoz/cO5SH8E1TfQXJA4RPV3a/9tgGESVuAHgA==","datetime":"2018/08/16 21:12:44"},"audio/bgm019.ogg":{"digest":"drQFJ6OmCFHpZrgycW/pc7gM7QLmJeZy1F5NVcY6O+hq5OppE7dJ8NIg3D17+/77B03V6FaPyRN0DhtJ0DxnNQ==","datetime":"2018/08/16 21:12:45"},"audio/se058.ogg":{"digest":"7Ulil/AeVlluPv9tvnC0N57he8LUkP6bZN/stziCwmccZYvuP7dehFJlT0X2Tox8vOnFNKLEf3J/Ib3SK83NMw==","datetime":"2018/08/16 21:12:46"},"img/066.png":{"digest":"Ju1E+1vfCWpDL8jQ0cg0WSS9L80oBxGA3e1fQMmE4ILA7MIYoNI3Hdv2MbreexjFT0YfM1VKUgIRaK/W3+vD5g==","datetime":"2018/08/16 21:12:44"},"audio/se013.ogg":{"digest":"t7J0tjMCew1BklPu9iaIV74WnMTSnlrVRxKYeBx+SUNZrQFEvSlJnApIMS4QxkcnKgmp2VGC8HcEgvOHuHjaEw==","datetime":"2018/08/16 21:12:45"},"img/163.png":{"digest":"Sh7OwuJ8jg/1WILrU5wQW+buYZ2QGFs6SWwTIAd+wS8OLTDm2FSTJtNpeghyuGi5xAYJQ+wBQZvPJlQg8EjwPw==","datetime":"2018/08/16 21:12:43"},"audio/se156.ogg":{"digest":"iHp+2fUrtA3081kX9sCLjqa5sNBh+IC4sqyzzjyMSlfWz4IEq7YOubxb5HoEmB/pg0K9A/yvZ3Xj9/MY26u+5w==","datetime":"2018/08/16 21:12:47"},"img/072.png":{"digest":"53wePKsIarR3z4NWJimdDvhbcj2yqKkBGYqxLZDyx3Ta86hOzZ5Cw/tavjLnqy/ZqzlAeOgwVp8MuXps7Qgpsg==","datetime":"2018/08/16 21:12:42"},"img/215.png":{"digest":"NrixiXJq4pbBCu50WjBzXBACMlqjBOf9eUx/OxBAp8KogNLh7lLYqThmSXf+rKMcf1LUBA1dkQu+zCRDCcUOng==","datetime":"2018/08/16 21:12:44"},"img/094.png":{"digest":"vff3+l40QPHCLwc/31YCA/q5E+2tXgr7GQwZ80lGWWwggv6bdxdzINtHKpkqS38ntGuI7eeEOmVDtyGuFnL5bw==","datetime":"2018/08/16 21:12:43"},"img/177.png":{"digest":"/ridip0r1RPajiJhy+aIAgR9S+7UnuSgF4Suafm74vSeJEV4/sLh4p+qdCXvNsjw/2exMAJk10dbvNjsMI0Zwg==","datetime":"2018/08/16 21:12:43"},"audio/se153.ogg":{"digest":"YTPHcwoV1cl1zmnO6gD+GkkyBRHTspo3U1Rrn2c9aNCig7NX3XTyH5KohFur3m8YWzW6/E+texkWaplghQM6bw==","datetime":"2018/08/16 21:12:47"},"audio/se115.ogg":{"digest":"iktqqdjbWHNVgZqgTCjmEH4hKL2bcAC1t8O/pp2/sblRtin51hUgmRsWK6wQYWQc5yR5YhNaNiSfdhIQnxiRXg==","datetime":"2018/08/16 21:12:47"},"img/176.png":{"digest":"q6LFOOCdPCTpXetVL6gVzafOa4xsMemTFHtOZvfM19U7sKc2qUT28JFWcG9Y6vHzRmvrJ+eGOJPnMsZNeHKKRw==","datetime":"2018/08/16 21:12:43"},"img/235.png":{"digest":"zo72GNH+CH90400deM9yovk6QXt+3a1MBf83R2tKNmnjCyxCWTXkNQSRLhGLJ1ocUIYwl/+Vlqd476EUPuOjwg==","datetime":"2018/08/16 21:12:44"},"img/053.png":{"digest":"y9j3t0L4ZLxjHz2zcNcjFhCqSgbHrSvKLlyl0kO2Aj+CZf/ngTgEHb3+yM58ljCb65spBH0t6miLD/U9IOSgkg==","datetime":"2018/08/16 21:12:44"},"audio/se093.ogg":{"digest":"/GX8WFhx/sfIKwNWsw6jq1QuHptmPcvQscJ/BxjkdAF+1V3i8aPU3UwMhx4+1ZBR57RifeeHC/XpFQCYAGDkIA==","datetime":"2018/08/16 21:12:46"},"img/009.png":{"digest":"FVcH5ItjcUxrMwvdxdnBYRU6IPMH7/FJqYWhwdBY3yZ67lI2Mhh1iGEBB880BoP4uzHmlof6+stHb6R3HwdwwQ==","datetime":"2018/08/16 21:12:44"},"audio/se071.ogg":{"digest":"ewEV05/h3J3jj/IBmcqh9a8DlMhVGA9iEs/zjDGBVTJejwBgz1BK/qbWnXCJnwss6FPazKi+XIjKuHdIq4iyrQ==","datetime":"2018/08/16 21:12:46"},"img/138.png":{"digest":"MuljKlEgVJJbC531DVtg37HIiLof4sG5qSA6dvujs5MnzCoFoTJiB42y/5XeAdCtbT4YWy2RGeD2qCeXTpswRw==","datetime":"2018/08/16 21:12:43"},"img/245.png":{"digest":"HG1o5xXWU+vc4YwVNoQ0gBHIqyCDdI8hqWkmcrpm8aibYiUMeKAHhqoNU7IxvLrYh6Rqx4am6ahS6HyU+BKjfQ==","datetime":"2018/08/16 21:12:44"},"audio/bgm006.ogg":{"digest":"tpNiQHnTuBYBwgijXN3zFB0ijOntKtLcnlQs+F2XHkGM1sNRUwMBVf2+HV1aaDHlvyqHuZ0Nn9vGoEGCGJV+OQ==","datetime":"2018/08/16 21:12:44"},"img/124.png":{"digest":"UV5TcuZn1lkpwLKoojQan+otpD6XSObE+jk3yZXIfa/YBxuHZD5o2UHSr1cgOTv4/CmMgtKZcTmmCHBYk+8Lzg==","datetime":"2018/08/16 21:12:43"},"audio/se148.ogg":{"digest":"+IfyEHL09eqqG24STaVHYYGpI7LoeKPIVhUUqIAlg1D+KHj+tVA6I46HCa7Ia76SC6Yfu/PiMXoQy9esRL+oTw==","datetime":"2018/08/16 21:12:47"},"img/222.png":{"digest":"9pq1vBwnYrZ0we9XYz2tNbNJE13UBEVcr8vEKbt7/tPzPPKSp3GIaAr9UJmiEH39MoBBzI0hNlejjKNq0FOHaw==","datetime":"2018/08/16 21:12:44"},"audio/se118.ogg":{"digest":"CHibpWcLSMQ2qbdWA1/W3qrdvxpiMBEsLOPc2v3qk7qBFzuWAMfE6s5ohUPQ32JZa+vmH8S37y75dpVHPsmuKA==","datetime":"2018/08/16 21:12:47"},"img/180.png":{"digest":"aKPVfve0iCmV3pilUIZojTk1fW8+RLXUcNWhsUku2ylItZWcIGTmUW/RaeyOAO3GJjIn5DR7X6ooOL0S+8J7KA==","datetime":"2018/05/01 15:04:30"},"img/002.png":{"digest":"MN7eQjeSHefnVbSFue92URyu60VsWrq5FNoPILW7m+4BDqvvih0oTYJyOIOnotywnOB6X1Ed3hLCV8zL+fNt0w==","datetime":"2018/08/16 21:12:42"},"img/082.png":{"digest":"QvMZAvmudIyP1DQ0bhI6Y2kTAcFWJz1jJzP0OohPgCgQgnNIDt02mEABk+JwdHfNv2u/RZSzpbXUVAyoD0TJUw==","datetime":"2018/08/16 21:12:44"},"audio/bgm007.ogg":{"digest":"oETAYBqtvv8nXBFScvTzpjBc+n1lvGo8NziokQ/JGnrNie7MrManMb7J5kWVrqSK3er0iFHOZZ0+LBFjTc+hwg==","datetime":"2018/08/16 21:12:44"},"audio/se181.ogg":{"digest":"HPcbEkOeeAr5CkpREePD9anm+EaeDkcRpDEN8cphyai3rxxFeahnTEsJdVmQoJaO9RgiIayQupIdFwVDhG3ljA==","datetime":"2018/08/16 21:12:47"},"img/059.png":{"digest":"Mio1tztjF8B1j7zNWdNzy52jXTcfVpP89LBo4ov52FwtcRnvKWJkWJgmSmtHxsckaTUdYmeLHk2RLWmZuZX6YQ==","datetime":"2018/08/16 21:12:42"},"img/148.png":{"digest":"exRUqe4xW66iFc3ZmFK3jX+OfNP0exv41JzEnrFYMRXTWED1JoPU7FNSU7HbqAKbzclq1nH80OSSN/CJ8pbG1g==","datetime":"2018/08/16 21:12:43"},"audio/se143.ogg":{"digest":"IKk5dRcKcQjHaKF1fGw0ZdtXtoouyvPqfDrjxTqgp+k2LTyK/Hom1CCQA/RR5QjO7X5uJbKh5fS+Z4GVhO2Zcg==","datetime":"2018/08/16 21:12:47"},"img/134.png":{"digest":"AZPk2P1e0TZlSeyO37mQD4tKja1OAy1s6PKSnJteiJnNvSzU+4wwoLmS3TPhaLFq6+pGNEG11krfKTBEhJ6ZqQ==","datetime":"2018/08/16 21:12:43"},"img/184.png":{"digest":"J+OS5wH0YRRMoMEySWa51dj6KHrco9kAV/Pc7vhAabd9ahO0gJ0k7Unq8iIsDk/id8nkF9/3sqKOcywZZLk5hg==","datetime":"2018/08/16 21:12:43"},"audio/se125.ogg":{"digest":"BD25ckRBkPx2E6+38CMl+wS4fXzLmvi8QEcW6xpMhVliRoBkEkym7QSyDEkKK2sxuQP2Z6kx9vsbhPF4QfqrsQ==","datetime":"2018/08/16 21:12:47"},"img/228.png":{"digest":"Z7dZKgzDQ32HLGV8xVzlmZdg7+ZEUKKjLqVP0H+JPV0U+731cwFxcH1bX4z76MkIerbSAS3Dki3AdfSp/UpNvw==","datetime":"2018/08/16 21:12:44"},"audio/bgm014.ogg":{"digest":"A8iYk9zIYvsVoK6ADlYHhHMWxE+OW/2K7NkGbQyXLkh3OUNp8H+T6p3VNj+qhhTtHhZ2hUiR8nNGeBYzkrW++w==","datetime":"2018/08/16 21:12:45"},"audio/se022.ogg":{"digest":"KhhAYQb/3mdrGOK98gkKe0msK6m2iWpsDRV13W+VNxnyzncj+QQZIjwRSUqLOQ7ghBCf1RTlk6lrxpLpZTzgLg==","datetime":"2018/08/16 21:12:45"},"audio/se160.ogg":{"digest":"ctmlJ3FioPylfDj+hjES3asr1baeRK4Z4uZR3F/uinlRg9nrm+GpA09vLTuaWjqM4kkQvJeHjCfh1gKv9cKPzg==","datetime":"2018/08/16 21:12:47"},"img/249.png":{"digest":"XRe5tbLxylp9gVWItnfQe5bD5ngfh4/Pevzf9iGbQFz009OatBCJ3caE6uQ38vYYRHkuw2O/cgDQI6LPjoI/XA==","datetime":"2018/08/16 21:12:44"},"audio/se170.ogg":{"digest":"11MpcL74rRCqjZJ/ST8y+gGRo2cKr/uspIWc/8Gvkh+tQjqeWFe5p7gFu1lMFwmlAfYYd15DFd80NCSIpajA1Q==","datetime":"2018/08/16 21:12:47"},"img/187.png":{"digest":"Kr1agXhuN+HUhTsBv9EExtMaURy+CUH+UUovTKB4ZeM4dub3B6Dd/RcNaojKGyR9X1GMu6v6LNA/tFa/8cuVcQ==","datetime":"2018/08/16 21:12:43"},"img/181.png":{"digest":"aKPVfve0iCmV3pilUIZojTk1fW8+RLXUcNWhsUku2ylItZWcIGTmUW/RaeyOAO3GJjIn5DR7X6ooOL0S+8J7KA==","datetime":"2018/08/16 21:12:43"},"audio/se063.ogg":{"digest":"yOWhNZ3Us+f1bXFQOhttpimvRoZMcrLfGbdBphyWC9ZlKTe8j2RoqprLqr0W+JEw6kI9C+erIBgV/HyMmR5/OQ==","datetime":"2018/08/16 21:12:46"},"audio/se053.ogg":{"digest":"BWtgksfbwW2MMzm+r6UW+cb6GkwdrkVuSxawgh8heBoBMowKZfJ86vW0lL7WcEz8WuMxhZ7fTZJvsd674776vw==","datetime":"2018/08/16 21:12:45"},"audio/se026.ogg":{"digest":"ak/9/M/SksSAbTlZWxjoznI1k1ytXotE7ei03YpQaGK3O+vbTMS2fhCVLvVeOQcGkj7pcYzWYy3L83AOEQAwhQ==","datetime":"2018/08/16 21:12:45"},"audio/bgm029.ogg":{"digest":"ap5W+YR+2YNvUZ0rDVMg6Yd2HmPueMILVbkrsLZ3HmtXc4+nadF3OWBD45NspiRwyQICiqhA317MsLii9lr1AA==","datetime":"2018/08/16 21:12:45"},"audio/se117.ogg":{"digest":"GGyVsDG36TlJf1tHJWCx6np494zLsDss2iZnAN+NLDPVdA7zfIQB3WEuJaPk/EGvrArF2Qf/r2Gaa/4b7RPiOw==","datetime":"2018/08/16 21:12:47"},"audio/se077.ogg":{"digest":"ByDP8+8hfPimaaKfbYZDWxh4RySvVKL9vy79JxmTDTmI9fVYAQ2zGNl3Ixo4dtjOBdpcvECuUBGWgkmV38tFqQ==","datetime":"2018/08/16 21:12:46"},"img/246.png":{"digest":"/ilVRGQwIAVjLqcyixcQmXyxWUBRf/7uFn30gZ6kZZcsIuLKJYNaw8Nj3cEy1TEpblLMmWl21WrOt8zbsuT/Ow==","datetime":"2018/08/16 21:12:44"},"img/220.png":{"digest":"q/MlhVsBRi6s1HZjYoRLIXJCE5ChC8Dqrpv7u2Psrx22GQDm9D8xu429z7ayd0MdAuh604Xz/OTOpEMIhr6KZA==","datetime":"2018/08/16 21:12:44"},"img/067.png":{"digest":"/ridip0r1RPajiJhy+aIAgR9S+7UnuSgF4Suafm74vSeJEV4/sLh4p+qdCXvNsjw/2exMAJk10dbvNjsMI0Zwg==","datetime":"2018/08/16 21:12:42"},"img/185.png":{"digest":"JpFORVbdl/PIRoDgKaHuBpqGvTmCJvuTzrBed6Q/cB+6PbHA9YxqAHdQ42lprpdeFlTu/fVO43Wb4dE7N85r6Q==","datetime":"2018/08/16 21:12:43"},"audio/bgm032.ogg":{"digest":"C8kOV4+O0EGiF4Jye6iKWFnH4g79Gd63B0rcvIJ6K3QsjGZxJonpGJMQlab6f1lTd/l8pX7Dp8kOyAbgNYzTOg==","datetime":"2020/11/29 13:26:59"},"audio/se150.ogg":{"digest":"pwkXvEUca8otVDO7b6UHzrYHsAKCLdh8oAQwYqrWgQQKfzo7axct9hiNdz8yOqsBGg6cH1iGKZsnwr2Gk0Bi7g==","datetime":"2018/08/16 21:12:47"},"audio/se111.ogg":{"digest":"eQou6yY/SJ+scUh9Hk6mLg764BB/obw51z5oEnuWoxYDtd9xBLaymt6uOHViB7RCm1G4J6GR3b5jzRKXubAUBw==","datetime":"2018/08/16 21:12:46"},"img/153.png":{"digest":"Pu7/AYLi6jWnBVuTvFxcIWLbEBjKmoFvK0O7JKIgj6nnl9pIf+WgdUX/4UwUdSIAZrh6s3kUSmoYHZKhKkiPBg==","datetime":"2018/08/16 21:12:43"},"img/130.png":{"digest":"jik3CWYL/g7OJSmqycUiv/U20TGa+pKd+9nH94DNu8J4Dak+agAo9Iiyhxuy0OzrdqcGzaM4TiRIRTybqOtalA==","datetime":"2018/08/16 21:12:43"},"audio/bgm001.wav":{"digest":"oMtP4kmzKwwmvxWVJbRTe2ItgA8TVkzYm3eN7Toj0JCRJJ1BOp/8CcYmhHAPWvXYG6QpOMqPipRLVzyVh/Wn+Q==","datetime":"2018/02/14 12:52:57"},"img/031.png":{"digest":"/qsuZU8lRcp1IOprJ6tOFE0L9K7qjLgzuTgQa/eroRYBFBzfR1vw92yBqvWg7N6eF+1xkKRqnatBgHJiDPMYoA==","datetime":"2018/08/16 21:12:42"},"audio/se123.ogg":{"digest":"1wwHsBj5IcVmtQYS6Re/axTbCGz2sGoQhn9IF0u95QiHr90GzciCjYuWVZ2MsYwKmLs83v48+xF1WZ1SGucIjw==","datetime":"2018/08/16 21:12:47"},"img/058.png":{"digest":"5bELegdbdMAMvNvp85I2K5oyHWRn2bRFAknik9rLsASuPEQfYpaK4gLRS+kpOLcQf5ZidIfImnUjH4cfGMt9hg==","datetime":"2018/08/16 21:12:42"},"audio/se070.ogg":{"digest":"eYEUHk2SQMykN4k0AI8q4q3bUGlhracgE4YNI9yVLNi53vyJVJoU5Xvv32I2bXjT4qCFzDXrQr/Sso53elYSuQ==","datetime":"2018/08/16 21:12:46"},"img/250.png":{"digest":"WwbkIXgl4W4DZqin9EBhPpK2yCCnd92pY3y2FRbq31miJHE6UQ9CQ0RxFosygde6RlOy+22+WELFP9RdXuOS2Q==","datetime":"2018/08/16 21:12:44"},"audio/se121.ogg":{"digest":"mipU3Ck6JRdTHxI4fueNszOCOBH9oQE+kb3nJNBCNtJWfwBijw+WjuxeZRlrb/op6OOi69uX1JD/LCo6h2hd8A==","datetime":"2018/08/16 21:12:47"},"audio/se146.ogg":{"digest":"pfJyIPNxVluL+/nKbDfV2RtBQxMzoS3AKZ4ZhkLsQ4AILTR4w/sNFnktHRB0CzGlug5fUhd35HgbH9MUHdyK7w==","datetime":"2018/08/16 21:12:47"},"audio/se008.ogg":{"digest":"oBw6CT/0ppTdOfklvOjhvlMebe+B7vQ3SmtYL0fPgNEeEncNpBqfKW652n1kE6ZAiqoGCfpFqGsRkkJeQynfzQ==","datetime":"2018/08/16 21:12:45"},"audio/se130.ogg":{"digest":"nvZgYf/6/aXuW1iXVcjG5eYJOTSw1Q1Mp3owJKWIaa6ZVj1w1FNrOZ0bQLWEsQQpTga+CHdNpAvbEjRUjdSVqw==","datetime":"2018/08/16 21:12:47"},"img/051.png":{"digest":"oiLWjQgIvv4o/tdljcZC482LdLzpoZ0qgEZJ6QeuR4MyWIHI1AgPM21xbxv3TdWqsNjwdrc6vQN4ZKodBoUy5A==","datetime":"2018/04/06 11:15:13"},"audio/se014.ogg":{"digest":"+fA2Y3QBAk1agzd8iKccGnKzeytc99NPOD6NPcAXas5zYLRxskluCDy4iRyBSPY167qzV6JHbkXCHlpVVV4SUw==","datetime":"2018/08/16 21:12:45"},"img/028.png":{"digest":"q/MlhVsBRi6s1HZjYoRLIXJCE5ChC8Dqrpv7u2Psrx22GQDm9D8xu429z7ayd0MdAuh604Xz/OTOpEMIhr6KZA==","datetime":"2018/08/16 21:12:42"},"img/018.png":{"digest":"CKqQos3lT5YNw/2privV+E/o1kGASwOGeZwykzV7tVRJu7xjKiG5QTBjLC5qfwjRYHbCQBydJeOfpbHeS/omRw==","datetime":"2018/08/16 21:12:42"},"img/205.png":{"digest":"KZNudSGouz0hOkSul4mGETaCkSu45qX1c/fRIrj1KA7uofksN3GcvylkqVo4iAJt0VKak4D0hDdCb9ZG702M7g==","datetime":"2018/08/16 21:12:44"},"img/001.png":{"digest":"Q/9sLVPlR950RpKlb36x5wG+DnAxGVDKLx42t1+/koVMw6C7oSUhkc2ZLR3Wg0GwfYyb2MWijNFTONs5jlMsng==","datetime":"2018/08/16 21:12:42"},"img/143.png":{"digest":"C/7iGvZKRkGD5eG5wDOxSMqtHmdBZf7xW2QcfIGTrMB6LOb8Hn4TFQp7fnYCsawqWV9OJhCikF3Tvr8KwrOmig==","datetime":"2018/08/16 21:12:43"},"img/025.png":{"digest":"zo72GNH+CH90400deM9yovk6QXt+3a1MBf83R2tKNmnjCyxCWTXkNQSRLhGLJ1ocUIYwl/+Vlqd476EUPuOjwg==","datetime":"2018/08/16 21:12:42"},"img/129.png":{"digest":"ytLTd41JtSTXblEDKGZH/qSRZioOAA/TdBa2aTpD4mZFjpoZKQ6/ZdfLyZKzwbC6F/vNKooGr73lbJgklnfw2w==","datetime":"2018/08/16 21:12:43"},"audio/bgm008.ogg":{"digest":"WeihxAKrqP4duauOQSwC4vx1iN2dOjTeWuX22GkcWE0jOdrQEl49n7c1LuOVTjf4xyOHIWqMhTS2nNnCQhw5Jg==","datetime":"2018/08/16 21:12:44"},"audio/se116.ogg":{"digest":"MuTZWs/T35SW4HxNRwXehQIguKO/PZ7mJoP/mWJkXS20L+G5A6U1mMf2l8AzBzcKU7tdRhFza4QM+VE6nqlHQA==","datetime":"2018/08/16 21:12:47"},"img/194.png":{"digest":"yoK5JsXI3Lrvydn1ivutPuPyGSOQgNDtECgv3f5iKb4WMFHv9w1E1Bvy3t2AaW5Zk9EU0DxA6PRiCWfSGULJYg==","datetime":"2018/08/16 21:12:43"},"audio/bgm001.mp3":{"digest":"5u9/JnNR+vaCHTvbTJtTWQKcpt1jv8ag8riEsJknuP740+fA+rlj4TTJcyymzi+lg96Q7aahkelxHeYpM8tLHQ==","datetime":"2018/01/30 16:33:03"},"audio/se162.ogg":{"digest":"4gY/ittVq3joYYvG7w9kXJavov5MP37LWxO0Xj68HzoknXI/TU3WpB5zN6oF5F4m9N67mfAd7PFOGSiUJ6kdXw==","datetime":"2018/08/16 21:12:47"},"audio/se158.ogg":{"digest":"fgK9ZKLffNnzVZwUiya1NNRnxDDanJjzGIOtFO+KUmd66FEYmPE8Ps6TbBjz4YP8IrDmPlF7dABXEmNspMz1Lw==","datetime":"2018/08/16 21:12:47"},"img/086.png":{"digest":"ySaAxBlPS4ap1vBWTPD9/EL7mydipxseuA8hM7qNIxLExSWtH6XBuQx0Dv7O+SY3jx4FPHKJK4QNPkUVlW4Kaw==","datetime":"2018/08/16 21:12:44"},"audio/se067.ogg":{"digest":"BR0xEJ61BEpU8y1wvK6PKrWjzlOJUeVfjGmJaW9eq2b8g2L7+GKy6gfZYDhVYXxi6gvaqI3qAmtcEE5Ku0OvTQ==","datetime":"2018/08/16 21:12:46"},"audio/se075.ogg":{"digest":"/ryrUjBG0GaCMW9zxROQRMeUW9Dr1k1p00rJjoM/e+q+6nRYsLkD9gLSa8+oi1XzvCeqt0B74FLmvbw8GJ5MfQ==","datetime":"2018/08/16 21:12:46"},"img/196.png":{"digest":"47FrzTZoNL5rNgZ7BclxCsb9Mn0kVGL9DYcOIvfdziwFffnOtm5+HHrrLVV/GV/d9IPkbihF+OVWGmEyRqTr2A==","datetime":"2018/08/16 21:12:43"},"audio/se104.ogg":{"digest":"XICw2Ntdcut7O+CIuzs3k3iiZ0wOK2D9bqR2wojca3b+8C06qqWuCEbsRyRO4T5LGw059UbYSKFCT9acpO0tcQ==","datetime":"2018/08/16 21:12:46"},"audio/bgm012.ogg":{"digest":"gH6qov/ERleVL4g5KApH/G2wlB5vYt2XBFTw+6yssW+YHmrxKZ3yrCzhDzn81zeArs+KmQtpOKmHGRhXTut+pg==","datetime":"2018/08/16 21:12:44"},"img/021.png":{"digest":"utJYUoFApC4N7+NsiqVMG4/7GM7PfizZG8KdfHOTLSY+O7puUOcWLObn442gLyifhmSRJNBWijqPJe0IpaamFQ==","datetime":"2018/08/16 21:12:44"},"audio/bgm004.ogg":{"digest":"ux2vJCS6Vl5C5jd+Juyo0HReTm2M96h2euLG/CFMFelWFOO0WI5AwiZb4SIyAtHie2fkIex29fPlAqYDilv2SA==","datetime":"2018/08/16 21:12:44"},"audio/bgm020.ogg":{"digest":"9jeN0MYzni1pdU1Xvcbl57xOjdcmPCovt/7BRsYLMQHuIVWSvQ0sSnHhaSGWmXrzE74eQ4UWOEtkTe2jeXQrGg==","datetime":"2018/08/16 21:12:45"},"img/127.png":{"digest":"ww2xjZfnXkd0+HomDnOYDm5kLn/FSvraeNm7tZ0uJP55CQbRMI9pdtVCziRI+8Jf7dyHWUkG7MyUz8IdBpQ3nw==","datetime":"2018/08/16 21:12:43"},"audio/se023.ogg":{"digest":"q546EmDAb2VUHA3ojswq1utWDkfjAiABtw+4InlS449EzyD2lD60W7dpPYtLcFLe0sidHMnYldXDgw13M7sCnw==","datetime":"2018/08/16 21:12:45"},"audio/se059.ogg":{"digest":"flSm7oieb+rNFNz+wabr0XXTWftvtjmF9ZhiyElQ75oMpO1LAbuHd5W+f4JEU6Wnx8OZKep8uziXuuDKCY5EVQ==","datetime":"2018/08/16 21:12:46"},"img/071.png":{"digest":"cKytkPRq4ZJ6HwDNuMET446Zkexu6L/Kshsc0CJEjoGB7ihZSyZNTGIK1oylVXwT0YkPv3Rqhh9uDk/5u3FMZw==","datetime":"2018/08/16 21:12:42"},"img/074.png":{"digest":"WwbkIXgl4W4DZqin9EBhPpK2yCCnd92pY3y2FRbq31miJHE6UQ9CQ0RxFosygde6RlOy+22+WELFP9RdXuOS2Q==","datetime":"2018/08/16 21:12:42"},"img/101.png":{"digest":"157ZfvdSt6Vdhnaj1dvjswKDIPp03EqdhTy4C6N5O4a+E8O1toPcrHgtX46lI/mGrRBS8dDQlto6m9quqWpBdg==","datetime":"2018/08/16 21:12:44"},"audio/se020.ogg":{"digest":"xytApmu7lr8eHCIemYrtSzJ1NTsi9ziMbcTVkgnjZP/wP1WRRjHIAfnio0Ptrxsc4NPVitzJVpnaBz/cJInRJQ==","datetime":"2018/08/16 21:12:45"},"img/188.png":{"digest":"Mio1tztjF8B1j7zNWdNzy52jXTcfVpP89LBo4ov52FwtcRnvKWJkWJgmSmtHxsckaTUdYmeLHk2RLWmZuZX6YQ==","datetime":"2018/08/16 21:12:43"},"img/202.png":{"digest":"8gMctyCr8dRkg2gyuclmIG3K5RWTDxNPhWtFDeIlE5SpAq35rs19pcZDY+Bu5p+lEUZxOdir65Xl+uQUXZCOQA==","datetime":"2018/08/16 21:12:44"},"img/020.png":{"digest":"CIYHrN+T3r7y/6/EgjRqlDA7icokKiK1V6ajEzy/Q8wM2tfmbTEwO+ittV/5nIZB0/WdmNy+983FDH7mI4m05Q==","datetime":"2018/08/16 21:12:42"},"img/098.png":{"digest":"VnDNMuzW4g8meX1RKlBPQpHyhUEgJ8ZtGXKx43jFNW2yE2RENH64NsqvZeEk/PhgsyCvzDjY39T8xjXfAQBmXw==","datetime":"2018/08/16 21:12:44"},"audio/se068.ogg":{"digest":"AfleRdsSzY6DKCNEPYef0CZu5XFE8BXaZsubOLJyp9iOtCj4r//wOS0HwBjkC4GD0N306dmEEtUZhUu6wA1Zgw==","datetime":"2018/08/16 21:12:46"},"img/046.png":{"digest":"tpLzcEHqUCXc3gjy/F7mIwKC0n8xMtrDYDdKylv9D3FqDpyvKqD5cayqLnw6INV3VHuTYq/3PsLhNy+PuTT6/A==","datetime":"2018/08/16 21:12:42"},"audio/se081.ogg":{"digest":"4jk54P/DuZGRdFWfswL4MQCNQeAe3vAQupOsE1KlX64IvP0YYBZqZvvVt+AfX8trbWI/hMDs/5oKXk6/kjdIDw==","datetime":"2018/08/16 21:12:46"},"img/241.png":{"digest":"umYh2kNKALm2Babez2e9OR/0lHzA9900shAtvzNXu5292ic0YlLyC8CHBJ9a0NHRkJDZd0iixvdDZa2B7FIcXQ==","datetime":"2018/08/16 21:12:44"},"img/088.png":{"digest":"PT02ocu9zAW3Vxmz5Aaog7unL0DEYT1GWsMqBrtzzhhaj6zS3Nd57YQc0I5Oj+yhbgDa15Y83HJ+C1BgNUEwfQ==","datetime":"2018/08/16 21:12:43"},"img/117.png":{"digest":"JJJm5gXAHr2L8neW6Qg/FOmbbG8O/7NGTrSw7MiuNpRqxSJ5//z0geybedsJj3iO4Z1HstTzfs5S/Mi8QarJ/g==","datetime":"2018/08/16 21:12:44"},"audio/se137.ogg":{"digest":"GruwtNcpjWxfCrlymB3hwOqsfHGt7bxCOFs96Qw1fib5kiIEunjIfUKVMEdxppccDR5McKPsneNesyIxH/zKgg==","datetime":"2018/08/16 21:12:47"},"img/109.png":{"digest":"r32MGEf0dL6u+ofLl691OnADsl6dzT+Y3YOp9gBj/AsXQv6ykF2Irc3/CQ1lcsT80+aSrWz1+FehKjGQIN1NHQ==","datetime":"2018/08/16 21:12:44"},"img/038.png":{"digest":"xh/P4e3vH6oZYja2tUkIuimVulmpDtFNLm4ERx0+/NWb7ghqBFLQnhmr8ww/HQqjdT8tkCIYEnnKDo/9ZLtteQ==","datetime":"2018/08/16 21:12:42"},"img/027.png":{"digest":"JSPGhDidwv11RJB+Z0e+aM05bS9rctKqJ/15XsxT+Qq0ObCkMfWUhlW+RstBlk2843JrDvj2YKa39KNNALgRVA==","datetime":"2018/08/16 21:12:42"},"img/076.png":{"digest":"kpGO8ydTTOHI5SAeXUT4ZG67OxO+6fFvoG05Vd5xKgc4XQHZomDDkSltC7G2QH5v4sxYh3DFSC5IVUDrFUzbcA==","datetime":"2018/08/16 21:12:42"},"img/224.png":{"digest":"AhcOTxJpig/6COYkKGNxwhZ0MIuHdWxQLvudvDqWnb3C8aCkX/OEio76qfrs7ym5ExFqB2cQ9dKhls9EqkEUXQ==","datetime":"2018/08/16 21:12:44"},"audio/se054.ogg":{"digest":"KoNQGJgi8zXpGR9QpNISHHLDuDZRTMgnMXRnlazQLDIk9Dh5eLKFET1eQqSsuC5XSDl+/hlWNkcw7DW2o9UFXw==","datetime":"2018/08/16 21:12:45"},"audio/se149.ogg":{"digest":"t24vhDVVu4pUhaeGUzpIalF4T7f7xn4lxWqn2Rap736wuLfnwa3qSYsQjZUXaH5j3NqUTHB/Ir67NBs9SzTATA==","datetime":"2018/08/16 21:12:47"},"img/085.png":{"digest":"/T9B61ZOqBnNqTqgVRyMAUjFTQKNYVGY2qwVajEDXygquN0rgQTaOCM8/Y9IV+yB4cowywJ4KHInKz706e1AjQ==","datetime":"2018/08/16 21:12:44"},"audio/se091.ogg":{"digest":"qFiy1+l4uPphRDvmxMGv8iBECfxsiO2d7DCS7gDjmmx9Txe6EdapTAxGKfS4sVtAzMxsK21wJheLhWyyhhYRDg==","datetime":"2018/08/16 21:12:46"},"img/006.png":{"digest":"fEfFEDu1UshB6v1s/pUN+L33olIn7fihNUt5u8UpYvSdbcCWFIvFx11+QYeW+lQJZu2hU5wmAG71pfrtnh95aA==","datetime":"2018/08/16 21:12:44"},"audio/se175.ogg":{"digest":"yHVR3Gl4cIveeMtvhckX+5tplh/RV6t0mBHKs3VK2U/ClKMPUB6K+b9kDYSTRk0+9kMwZJp9RCOOTp42TxKWfg==","datetime":"2018/08/16 21:12:47"},"img/158.png":{"digest":"0/UwLctgldSj1xRIt7/8fLb7V9jRy5EpMxrzx4eiRos9yFL69OUprveXKG6qYkvskytfuCqSxssLqI9MtG/3ig==","datetime":"2018/08/16 21:12:43"},"img/062.png":{"digest":"1pgH53eiV2JQQDF+/6oph3zd8sct1eXuU+1DUKojos2djs066hgTC9bYIJsUniWiV4bLftejyV7Md3iHkLTGyg==","datetime":"2018/08/16 21:12:43"},"audio/se108.ogg":{"digest":"rPI2gRLOXeuU1zZ6MUTNzvnlTvFhzgp05ZO2ciB9m+b0xWcYVmXsdFTWvvAgd92dUJM3xLspSNj42cLjECeStg==","datetime":"2018/08/16 21:12:46"},"img/063.png":{"digest":"svmt0eY85R+zXD4fdZm6YtMzP1mah65TlwouFqsVhnYj31w809oz+Zuu3OVS/BDq9UwErtcS/TpMHXeLlxgODw==","datetime":"2018/08/16 21:12:43"},"img/039.png":{"digest":"sTgL0OfpTGCpZrRQy48APeXS2dyCp9QOtLXx7ZSOGtkQifDJjCCMrMQiQSYwIWdE91HmMaMN8zu+JOIa6PHnJQ==","datetime":"2018/08/16 21:12:44"},"audio/se038.ogg":{"digest":"jLNWkKoYirIp/9/nxG9TjPWWVRgSpxVXbt17F4q60G5TX++gtcxfaHvXf4+P0XGstu3X1JkaF4qlHCScNvkYkQ==","datetime":"2018/08/16 21:12:45"},"audio/se055.ogg":{"digest":"gSAHWfgMpcsw2csQVsoN39HZ1loygyqGYIig5SdzGrDt78l3x9tnoemt5CDxLgoFWJd48vdoZ+fAdAVIKEjtxA==","datetime":"2018/08/16 21:12:46"},"img/223.png":{"digest":"/qsuZU8lRcp1IOprJ6tOFE0L9K7qjLgzuTgQa/eroRYBFBzfR1vw92yBqvWg7N6eF+1xkKRqnatBgHJiDPMYoA==","datetime":"2018/08/16 21:12:44"},"audio/se061.ogg":{"digest":"aQvVW7WuXeDXsdmb0BbBJjCQSgRtzcNTjp/96iOrjGSWj1ZlabvVIUckIV9vW21kv6HT+JJ5QxT1AYen2eW54A==","datetime":"2018/08/16 21:12:46"},"audio/se126.ogg":{"digest":"5Ecxupks6vs8TRM71Azw4iPL4i7HP72pIgjJJ7aDS6wu4u3KdfQuaF9FRTM2k1xbB/SpYTdmglQ5kKsRFGipKQ==","datetime":"2018/08/16 21:12:47"},"img/207.png":{"digest":"xlwnl11hfqi6jpJzgpnJdJAQSSN4W7Gn9kvLI0FAXrbvlt2RI/6DrHgqwYudDvTrrM3YOnfdi9bsXZcIKktUIw==","datetime":"2018/08/16 21:12:44"},"img/146.png":{"digest":"+IblI3V9yOsMq9xQ/+oY0FCOS4iEqBIZgasXud4kYFLMSYa0nPPqL/mbgPwvorNnv4oYV0DPESZElKGEmMYR0A==","datetime":"2018/08/16 21:12:43"},"img/244.png":{"digest":"Lh1vj/BmLLaXAcM68Pn8JBq+Ep6h9Q+JPjlKZACEfpQovVz8uw2KIqZy7FwMTI0OFcsm7Pl+ii5BLQyUnsYxgQ==","datetime":"2018/08/16 21:12:44"},"audio/se134.ogg":{"digest":"CJDbcgcBgOC7UHI4f+6omhZktYK+RPMTjEasG9znYMt3jKwzn3iQ0/bPhZvUIvUoTuxcfq3xl+hCMeA/ECYpzw==","datetime":"2018/08/16 21:12:47"},"audio/se032.ogg":{"digest":"T7Uo0uWIpn6gNu3/6QSwvHaVGhKjlezSvmHI0ipeEjugRTOdi/58OFdfmMzV0HFguq5oJ0Uvj/zkj+GIe+xC0A==","datetime":"2018/08/16 21:12:45"},"img/111.png":{"digest":"bUcBGKISgeQtGU4ir9jKjt8zNwh+kISViHQTQg/iHo2We5HCnfvc1p8VZu4mnMs0jQ9VapPZHjZVBVsl4AGyGQ==","datetime":"2018/08/16 21:12:44"},"img/043.png":{"digest":"6c4dy5M8lkA5PAjE2rdBEJzSVhjFq8bDOU1vTCYz3sw2QjMWheZBeneKn6PxWZkCJAtc2VM0InjWimcP0kBBHA==","datetime":"2018/08/16 21:12:42"},"audio/se161.ogg":{"digest":"fBId6obWzMyGQAR0sjIea2u0wLINOdrLozykltTmIUifogHmjEQNmVYSZ0b2/HH2FdTIHwCadkizGdIiCtHNxg==","datetime":"2018/08/16 21:12:47"},"audio/se167.ogg":{"digest":"YkHBhVI5XDNQ7N3gOAQTAxD8mMy/+8HnQI7QDzYyChHvA3wOC11ORC0oc/lHGdGj19I3K7dWeHu9H4CU29jEwA==","datetime":"2018/08/16 21:12:47"},"audio/bgm009.ogg":{"digest":"vSMrKjNsDEFtjky8rTeef0MA+AodkrMTXeFL/SQTQLAFEZan+qe4rM3PjLbuYWRpSvIFlaXKfNvjyrylNAMwvQ==","datetime":"2018/08/16 21:12:44"},"img/212.png":{"digest":"eipnYse+XUqi3FZwYqn0VUW+v1zR7jmUCXb8TrnuhrzoJdHli4D/iesZB9WjfmjPGrPj/ThRHhO2N/g5iWwD1A==","datetime":"2018/08/16 21:12:44"},"audio/bgm021.ogg":{"digest":"6QK3bNlGEa4cqVaXSreFL8HqPlShZNAwQhkARd0UgimeV2fDGFkWhPlP7Nh3cW++NxQ7f4gTqsYHmZLzSJEPMg==","datetime":"2018/08/16 21:12:45"},"img/gameIcon.gif":{"digest":"rfh295/kE6HTLdOrdhuFWg358bEHf1o5gV85s8lTH8U6025rYC1lMihfW+W2V9UencfxSr2fkTPbSAySRs1Vxg==","datetime":"2018/06/13 19:46:46"},"audio/se165.ogg":{"digest":"ZDOSB08pM28/7vYrbM/oHpYjqqIKAKmYlsqlEv5RFKibJnIzLrmeTjMS77jV6rBXoKQ59M6bb89COjrRpUEQiA==","datetime":"2018/08/16 21:12:47"},"img/019.png":{"digest":"BRfaB/GHbEp6UvXTsOoWNkGG2hOWI0jw/8Vcjnjvj7xV6tUgnw2sdpPpwsCIpCTVvd50irrF1EO5EVGJvWtOWw==","datetime":"2018/02/07 10:19:18"},"img/197.png":{"digest":"5URf1T21i/M6kPdzUMl74fxZxlkCXE7pG/yYSz2qeOjvHMOSXMjKoR5TiHXl48QHfAdF9DAIkNF7NXVxtsX2sw==","datetime":"2018/08/16 21:12:44"},"img/font8x8.png":{"digest":"MN7eQjeSHefnVbSFue92URyu60VsWrq5FNoPILW7m+4BDqvvih0oTYJyOIOnotywnOB6X1Ed3hLCV8zL+fNt0w==","datetime":"2018/02/05 14:40:39"},"audio/se017.ogg":{"digest":"WbdFIfOSkj5e6mPP3p7BZkqPpDGKQRTKYpXtY0VyYkOlm2OOG4uNViSgeqmORaqtptgP3cW/f3vnlBQglbIYog==","datetime":"2018/08/16 21:12:45"},"img/011.png":{"digest":"XaGAxkhMWQgzS4NzsqlcQpuAy06Ur+SLWrXrL9TD2YmIr3IJU8xMefkAJJn/+eFSdIfo9zs0KKWIqrWgCCjI8A==","datetime":"2018/08/16 21:12:42"},"audio/se169.ogg":{"digest":"CP5D3pyfA42kNGLRQ3lET09i6coW6bnhAxKa2M8NtXiJJosmfaPwvc6Aa1e2aHr2UMvJ31qcXMLn3Px+j+W9TA==","datetime":"2018/08/16 21:12:47"},"img/104.png":{"digest":"WcbakVVoUiF3fu4fJnBjEoiFdO74/WTymx9lBcKP0maDwc29DR8SnU05tBKNLUPe7yhP2CPFgxgA/lgkKaH0SQ==","datetime":"2018/08/16 21:12:44"},"img/128.png":{"digest":"M4JlNNgOqPktqe5gjtanIDUjOVxn21nju6iraKMaaPpvMAcqg8IBEgO7cXQzS6D+sfVNbQ3ZRNHv8+Jsjr0vmw==","datetime":"2018/08/16 21:12:43"},"audio/se144.ogg":{"digest":"QIz5mT8XU2y6mBAh/LZNWpbHCa+1oW9xJdYrHpsQR3LOKwPIqLZ7JHqNeLeLz5O+iN7UJ9erIu/WmXHWwuY0Dw==","datetime":"2018/08/16 21:12:47"},"img/004.png":{"digest":"1Di2EXtJ9Vc3K2D9EDroxckGqXXxwk/jRenKkZn1wBBidmYfj/Drkl+DemUgE7RE08kUnGi9YweevVMRSuITAQ==","datetime":"2018/08/16 21:12:42"},"img/055.png":{"digest":"q6LFOOCdPCTpXetVL6gVzafOa4xsMemTFHtOZvfM19U7sKc2qUT28JFWcG9Y6vHzRmvrJ+eGOJPnMsZNeHKKRw==","datetime":"2018/08/16 21:12:42"},"img/084.png":{"digest":"Q7FVt7Nalr8cq0+nj+4jdGocJ+9S1ys+1Ny+g09aoyo+1VFXZmgLSLrd4tS7Ufqp1tGvcI5IhGJfHiQ9ENej+w==","datetime":"2018/04/16 18:23:59"},"audio/se033.ogg":{"digest":"h5NKrdVV5seRPBLJHKawjzCrxIpWmfc5OPi2amAK77F/BEEcWULz4k7YqeCNnyEvsi5hlnR1giTDulsCT7+9eg==","datetime":"2018/08/16 21:12:45"},"audio/se099.ogg":{"digest":"7Kix4DFhX0toHoNh8Kvuna6LkFoAwrZN7b8xmZWjaqwhgq6qWuWe6R6Do+9TJflB3V06doFn4zfWND0e0wcSZQ==","datetime":"2018/08/16 21:12:46"},"audio/se139.ogg":{"digest":"4EcsdHygp5HGECju7agsTZRqYe8hiwf23GcLMjfaIU88N1urVCOY6Hyotgd/2c/BrXqkeIC6lDG/PMFv+0jpig==","datetime":"2018/08/16 21:12:47"},"img/136.png":{"digest":"SD72ZNNAzCbOJ48oMF0icFLX9WbxxgEgwoX1USTqeLzWlgLx3HJ1nDPuSZaff/x/qhVZDeunR4zZL3pY5HS+IA==","datetime":"2018/08/16 21:12:43"},"audio/se073.ogg":{"digest":"2Hz1IjEKuSGvMqPoyVmprcRFwUkKPt5WJe2j628XtlSwYUc6eIeI96rsFZUZvM3INsgOrd0nqzLZN/IjDRSciw==","datetime":"2018/08/16 21:12:46"},"img/050.png":{"digest":"S++7asyhQ+zhRbvABX4HAWDgIuxkL4eIpUOiRK8cWd1joLBjdb0X8Lz8G99w7+6eeNWrtfEVswG/wfZ1OumSoQ==","datetime":"2018/08/16 21:12:42"},"audio/se047.ogg":{"digest":"JYvRiAsyOBfvo67yr5BvfCJAakAZGO3pgwUWWgBftkMFRSV8nNoASJAOBzzd2sqhkvW7ZPsIWK5px10BGEoiKw==","datetime":"2018/08/16 21:12:45"},"audio/se097.ogg":{"digest":"F8cED+WbVwWEpM6P+UTFCgMutAF5gsZhy4a+Ac32aTrntMX5fbwaq5sOzGaogl/fgjz3K0ew5LDLCuPdADbiSw==","datetime":"2018/08/16 21:12:46"},"img/000.png":{"digest":"EyszpY4fFbNhvTNok7lIsjPcv6otbzQgIbQotMuLv/+SIsFl6U5nFQryNQDh+Yy59WsNq/zr2PsOtqmA+67AnQ==","datetime":"2018/02/05 14:40:39"},"img/121.png":{"digest":"JuyqMn7Vd2JuNeRcC9CieOytG1e4nGW30lUzLTMstovTASkbCzk940Dc5Z3UbPQZhthLbjhubTv3EepjqUR+sw==","datetime":"2018/08/16 21:12:43"},"audio/se027.ogg":{"digest":"FqF2YtlBduHmcYM88wEF14tvtSZmtoMRIx3rDoYSR1vUEu9hYfgesBN1h8gi0eDZKd0iWlUShFfgXNy5369F5w==","datetime":"2018/08/16 21:12:45"},"audio/bgm025.ogg":{"digest":"EhnCK5rkZUuJJC+KW4KYbeu6GkfCdCBlXSwGGTt6d+rTlAjfSuz01RHeAQeI2IJpYm2+Cx5HYxGTo0t0ccf22A==","datetime":"2018/08/16 21:12:45"},"img/131.png":{"digest":"3IUckJNkSPCzwgf8FxTkSfyKW7c5XHwvu2RdnPDiwwCee4P0JmjEp9j9ukCn2xoNf94XRLTE+LG+yXlmnK+ztA==","datetime":"2018/08/16 21:12:43"},"audio/se106.ogg":{"digest":"Ma33alhEP7I99x37N8CzJyMrcTzy6tZLTMoDP/wklLOi1RbsoQlTjuz7IRQs0vXwUz3EO4h7i9r3+B5U5VVjwQ==","datetime":"2018/08/16 21:12:46"},"img/005.png":{"digest":"AApL2Sr/9GGOVCnyurrlq34EW9HbR3kamO7F0CZFOfDRjbUbYuY1Be7JCnDuiNqxPRSNRm7I4nRlvQxEpH+SaA==","datetime":"2018/08/16 21:12:42"},"audio/se147.ogg":{"digest":"i3FrkFN70L1nPEDlhAq+dfIrONag9VBfxWk8qnPB9H0eu6izr8sKmcY0etQ5c2+MjP6nV3Rf513FIHcwNZKHDQ==","datetime":"2018/08/16 21:12:47"},"img/230.png":{"digest":"tXKRtq8gpKBrGp+DTFHczTB5tRc+85FlStPFJxpo3HgF23+SnPQGK0BChn1nAq9YK/Sfo60u8NOyc+2QcD3gdw==","datetime":"2018/08/16 21:12:44"},"audio/se005.ogg":{"digest":"Gd30OXgpsYP2bUwN6hQJyCbQExFoRSAHbCsU1jsMoAs/4QRhEbvBKQOw0yKaTXCkEO0UcFSkg3oI6KDbGCgyVg==","datetime":"2018/08/16 21:12:45"},"audio/se173.ogg":{"digest":"zzicx+rKa1sINh8SJ7BQsl7/UDQJ75CNAhpNi1q3ZbkuPwnDI1/xOkD1UoigZC+SPXX7sX9q0eoaeV9Y2bSFhw==","datetime":"2018/08/16 21:12:47"},"img/247.png":{"digest":"S++7asyhQ+zhRbvABX4HAWDgIuxkL4eIpUOiRK8cWd1joLBjdb0X8Lz8G99w7+6eeNWrtfEVswG/wfZ1OumSoQ==","datetime":"2018/08/16 21:12:44"},"audio/bgm023.ogg":{"digest":"x+ghF/7IwkI4nWawYUAIPlr4/DyLrMKixgBePVGnSQw+dgZnbti15rMUGGmsjwM4cGqO3oN/BIiX5pOLcquV1Q==","datetime":"2018/08/16 21:12:45"},"img/016.png":{"digest":"q6LFOOCdPCTpXetVL6gVzafOa4xsMemTFHtOZvfM19U7sKc2qUT28JFWcG9Y6vHzRmvrJ+eGOJPnMsZNeHKKRw==","datetime":"2018/08/16 21:12:42"},"audio/se164.ogg":{"digest":"AWb6KehFsiYTHfSkVwuY7UcxLgY/TLn4LnatOoHfZXsmf9NwArjEkyf6IIJMU7rXT1Cat91m8IXAeFP+ZoS/Ow==","datetime":"2018/08/16 21:12:47"},"audio/se076.ogg":{"digest":"GUsUL1KV/R6AqrVuaDyfDlov3d4e7hSRfeTCSBzHKhgL4RD/FfI2nrwSK+/t4rqL1hi3gaiTkfA3L4A+xh7anQ==","datetime":"2018/08/16 21:12:46"},"audio/se132.ogg":{"digest":"HjG4iEXRQUC4W34z6QCv4GZ5r0e26Droym6h5S/JwA5xLtrPvVi8SDaYeaUL8DafJLa4S9Q5MCsT3fiWQkEdzA==","datetime":"2018/08/16 21:12:47"},"img/100.png":{"digest":"XabcJhX8XKGUoXYgk4SPoVeCz1l4+UFcSMH/NlVLkC3MTwm/W0KJtsKDY8dBAclEsc2ubSF/PZzhqId7k51EhQ==","datetime":"2018/08/16 21:12:44"},"audio/se031.ogg":{"digest":"AjVAU4Xo5lBUYhtK2Eev9ofNHbM1XaDjNR68l/EGpdncUCBgIndnvETmcIRkwWz7wxgu5T29oNie2PS77Uhqzw==","datetime":"2018/08/16 21:12:45"},"audio/se072.ogg":{"digest":"tZFyad3woOoGlFAZK/RhMEMhKUy/N/CrHE5YemsD+VEXKNv3uq8YcM6agcg622O/pHwZKglwdUWbfqQXdl+f/w==","datetime":"2018/08/16 21:12:46"},"img/045.png":{"digest":"Lo3egwboo71lqsuXc6mG2Ud2KQQWtJxjc1rPbMLzxc8kNWsipW9sjnfzwqfZ1gutvljU0Ew/GvMrtMD1DwvcmA==","datetime":"2018/08/16 21:12:42"},"audio/se066.ogg":{"digest":"t67VjpNp6/Ie55lH0vJetmaE98XQ8a7IIRQQSMPmrxQsZjDTqRzz+A+W5EzxdGx0S8P2aOgbXOvXPQXiHjLFCQ==","datetime":"2018/08/16 21:12:46"},"audio/se037.ogg":{"digest":"M32Y9rlJS+c6RSQtm/yYep43aDDn1tD/4/6nRFS4bR/0MABlutBHvnGwfZO7YxzmbMeYXop+CouLmwPMMCCvQg==","datetime":"2018/08/16 21:12:45"},"audio/se080.ogg":{"digest":"AuQQikKGlmBCtO4HQft/ukWScq+AdQEqxOx3+c3bve6LFWmr1wkH8Da8gnr6ugZeyy3/+bqb0IGASjft/Qb17A==","datetime":"2018/08/16 21:12:46"},"img/083.png":{"digest":"aKPVfve0iCmV3pilUIZojTk1fW8+RLXUcNWhsUku2ylItZWcIGTmUW/RaeyOAO3GJjIn5DR7X6ooOL0S+8J7KA==","datetime":"2018/08/16 21:12:42"},"img/173.png":{"digest":"JSPGhDidwv11RJB+Z0e+aM05bS9rctKqJ/15XsxT+Qq0ObCkMfWUhlW+RstBlk2843JrDvj2YKa39KNNALgRVA==","datetime":"2018/08/16 21:12:43"},"audio/se155.ogg":{"digest":"SN9Q1IdSfnaYD5nK91qfVt/SHtYhMKhGLtEULcsQzhy7ZEtOuTBpCxhhJV8S0/BJ+F0E63QzTbLTS5zaUIlQvg==","datetime":"2018/08/16 21:12:47"},"audio/se120.ogg":{"digest":"Exdt0b7TIJCNWqFT+pufJmfBlIo93GhLF7W27dAUtwCgj/b5B5JjcqAySDNz7kkLVmCsbsuVz9nsHAIjpmK5qw==","datetime":"2018/08/16 21:12:47"},"img/144.png":{"digest":"dUyQGAv4dyKLeEZQXgLMFLDSkkXnKnawQLjCeL5cn6TUYtM7PM2jjA+LKs1pulHZCLxPKradchkRS0F2BTD9NQ==","datetime":"2018/08/16 21:12:43"},"img/079.png":{"digest":"RbWU84bhFNbqtd9YtJVsMp9oJeSsiHP/g6Q0EgxYb9PuvKEC9eCk9XkfM8muuKT7mXO/Bi1N767T6Y5XEIYPsA==","datetime":"2018/08/16 21:12:44"},"audio/se101.ogg":{"digest":"3LnRP3B72utFMFDqb8dm5Xg3FqEdWw2f/aAVyYH0diNnF3sPeu4NPKy82XUSlhgHCGbDYzvjuP5YjJ5bcF8DlQ==","datetime":"2018/08/16 21:12:46"},"audio/se105.ogg":{"digest":"JeP0Kk5mld27xg18wvFYq8o1FRElpX+rcLPnROFtV80C7TQMhLdtNRfegjmrTjbCsVZ0redbgcDPJcJjVBueMA==","datetime":"2018/08/16 21:12:46"},"audio/se046.ogg":{"digest":"ACt1qNMHGoxN5LDNouQ3iTsuHBZ7xzFp8xStcPaOoFoFAotwTNS5blRsJfpucLR+MBYX5psM63U4JvGWDWnu3Q==","datetime":"2018/08/16 21:12:45"},"img/105.png":{"digest":"qAZCG0A0NxeJyFeV1bux6ki4/4x7O0JgXgUxgcWN21SdVNmJk4jxwu6lxuC+c2QnS9+XxbSlSCfuZe1Ab65bcQ==","datetime":"2018/08/16 21:12:44"},"img/178.png":{"digest":"53wePKsIarR3z4NWJimdDvhbcj2yqKkBGYqxLZDyx3Ta86hOzZ5Cw/tavjLnqy/ZqzlAeOgwVp8MuXps7Qgpsg==","datetime":"2018/08/16 21:12:43"},"img/200.png":{"digest":"p4EkoYDgRAXtclpmYJYQntpk220VykZgItATDpQN/NnwLvZ66UbSBJm7+Fi9pmGV5ZS2QIeiqJK7J8mEP99qcw==","datetime":"2018/08/16 21:12:44"},"audio/se052.ogg":{"digest":"IMw+bd6EgfupTlmQBfO/aMSgVJQeto4w14Ik0iEgQYenWblGgz4BUrIKXK7cB5LSLpH2kAkELECUUHTENROj+A==","datetime":"2018/08/16 21:12:45"},"audio/bgm002.ogg":{"digest":"8j5RPh0x+7+QYNXFDjP3BKszacJNd5l4SMtI8EZKz61+PDM/6jGiR5E9Ld0MNnKhM4PuWz4bclXqc+XaqkxCYw==","datetime":"2018/08/16 21:12:44"},"img/065.png":{"digest":"uLqxOQ69JUp1J6lZ5duMzCViTyI5DEIs51EkV9FNq9JB+VpwdEW3NIWOEirIq6y/0YmzoNPqNAf0tuu//q/sWQ==","datetime":"2018/08/16 21:12:44"},"audio/se100.ogg":{"digest":"0ztKowsevNBA47pq643g6LzNy5d9kfQU73nS09cWNPoPN31zRwQsqe/x6ak95A2DIuvkC8GlUrH1BqpjyxM+jg==","datetime":"2018/08/16 21:12:46"},"img/135.png":{"digest":"VNVrv0t58k9cbsuyPH+5AipqcDlvq+BqVzdkpk+HvmxXSjTvcsalW0oJCJ0nhFUORi2smmh2Y1Kyj+gKidt3IA==","datetime":"2018/08/16 21:12:43"},"audio/se131.ogg":{"digest":"oTwauLLkeC17aZ5yl8nDc+7XPvtFdMRbnXSadcjH0vx4z3RV0uqRQih9MT2c7NHYJVaFe6HZmX7H7B1ngnaoqA==","datetime":"2018/08/16 21:12:47"},"audio/se078.ogg":{"digest":"IWrqbL1hwveXTlafOMzThw+08D0wVI97Y59EWsJv/GxCTCAwyoGkqK74mMRtaiuGEuPz+fCgjwxXDiGpEE066Q==","datetime":"2018/08/16 21:12:46"},"img/240.png":{"digest":"cKytkPRq4ZJ6HwDNuMET446Zkexu6L/Kshsc0CJEjoGB7ihZSyZNTGIK1oylVXwT0YkPv3Rqhh9uDk/5u3FMZw==","datetime":"2018/08/16 21:12:44"},"audio/se152.ogg":{"digest":"WvS4ozzL6Y6xdm0ocUYGtVXxWB2G6+rDtM5pW2mHhsUBZzqvAZ6TgtgzG0d+ztwlB9QDoZLAJGxilVYLCM1WsQ==","datetime":"2018/08/16 21:12:47"},"img/112.png":{"digest":"KUZdgakd8bbbf+cdAeQvbLK0UIxkX2rxhoEz1Yp57qMBGYm3W9DlWBwPRUwX8+MHRHR2lNMOUQNSmiSHnY/qDQ==","datetime":"2018/08/16 21:12:44"},"img/172.png":{"digest":"fvq54fWU221lB4iwiIaDFDAPNFgSbMY9klJNA9wv1pSXt06TohK4l4hUByQJhVG16Ml/UL15DzW6kwy7l9h2vA==","datetime":"2018/08/16 21:12:43"},"audio/se082.ogg":{"digest":"H6fNLP7F4EH3DwG4EgWIUq5XyHLPr/NXU4PwEQKeDBgoTwDaB+wUiIa0M5IQSWpVsoFzr6JmhSVXq7REMfXfig==","datetime":"2018/08/16 21:12:46"},"audio/se129.ogg":{"digest":"5Hrfm2PvrgNC3t2dnSyat8L8xLv/lIyWxanKlBLyPvNMrZjdviD200PLUOKV4Ig/+aBU9iPdrs9Q3SshR7gTnQ==","datetime":"2018/08/16 21:12:47"},"audio/se062.ogg":{"digest":"6Xun7qd8Z2q3qWGge3IF+W5QjuJqRWxQ1I4voPcfn0m7d4mFtFGDlfMlgvG9jcXNv2yuZB7T3+B2/fAvb2LK/Q==","datetime":"2018/08/16 21:12:46"},"img/201.png":{"digest":"6c4dy5M8lkA5PAjE2rdBEJzSVhjFq8bDOU1vTCYz3sw2QjMWheZBeneKn6PxWZkCJAtc2VM0InjWimcP0kBBHA==","datetime":"2018/08/16 21:12:44"},"img/099.png":{"digest":"byfcGXHi5a/H+s85WvflRaRelqfqSy3NKrN8iSytGD5a8iMltrFTn11Ahz8oHWQStU+xzwmCea03ODcwEygSyg==","datetime":"2018/08/16 21:12:44"},"img/142.png":{"digest":"XD/8CiQe0wDl5Qb/fPOyyeoFwqnol5ycnYgtke6vxkKT83F+CcEKsvMsTkl0iH/jd6Nejli4xMJZ5jeD6tB4ZA==","datetime":"2018/08/16 21:12:43"},"img/081.png":{"digest":"ZGJGEtLmh93BSF08aYqCHRNFYATY3hFpUznerfWTYdRAO4typOGCAuCFSQ+aSMtHcTciS/ASLZVyiN3uZuJomg==","datetime":"2018/04/16 11:30:38"},"audio/se007.ogg":{"digest":"fRBk2KWs8hTOw0rubyNDtGIx2/WSzoy0lolLG7HFwT3ZHTlqOtUy3mYTMvw5RSyyX3dt9WtjtsNzUQ7oR6wGoQ==","datetime":"2018/08/16 21:12:45"},"img/030.png":{"digest":"9pq1vBwnYrZ0we9XYz2tNbNJE13UBEVcr8vEKbt7/tPzPPKSp3GIaAr9UJmiEH39MoBBzI0hNlejjKNq0FOHaw==","datetime":"2018/08/16 21:12:42"},"audio/se145.ogg":{"digest":"GRP8i9RF5mdUiIMVj34ISqP6SXn3uZ+OkNip5AURH1RY45GuSsUhRIMe3+bDZEN86YjL2oTeSxgj3HoGOyTyNw==","datetime":"2018/08/16 21:12:47"},"img/017.png":{"digest":"17ix8Z0WQb1gCIpl9sRX0mdlTW3Eb6LBMqUvbb6Q19MEDuDxQqO5auaqQFifmrokh3C/twaNRDVcslsc+sLM7w==","datetime":"2018/08/16 21:12:42"},"audio/se171.ogg":{"digest":"N651FRFiv21ierBBKIewkogMDE4vhDReul6rK0zjZmmx46kuCQFTAt+oro8z+Ok8E44G/NB8sDCxzFZ+3vv9Gg==","datetime":"2018/08/16 21:12:47"},"audio/se064.ogg":{"digest":"0J9DQNS4RIQTLKlxBA7dteBMhlCsZDdkRUBVerD4d+TdEF46I43/0hAeemWveNqHEb08TSp5EY3KLlqp0zhNEQ==","datetime":"2018/08/16 21:12:46"},"img/191.png":{"digest":"jUfkLIYwSaKZEZjAWiB1ayHZ+jj6LOupKh21PirqWTAhrmMQ90QmzV0cBvShRZn6V802xp9Ak7/0pvlMTVFNhw==","datetime":"2018/08/16 21:12:43"},"audio/se180.ogg":{"digest":"ZiNl4HUtUUq/NJijGV4e32qgxe6cZbrqLoDTPtlSwThqOEuBVCovJObZMUphMhAHxeh/WVmgB3NekeDCso4OfA==","datetime":"2018/08/16 21:12:47"},"img/125.png":{"digest":"Qolyzt23dMafOrd5KExClBaXljAIYH4XiBEESpgT4G1O2EGRoF6T+jHXf8C9Jgu96MI69UT/FfcLjSA0AtwT0Q==","datetime":"2018/08/16 21:12:43"},"audio/se163.ogg":{"digest":"R1mpd/d5Crz+gYo4h1LLPP1CN9KfYVC2cIq08+1a4BgzSmJB9IHxy1ub5DHeulZrtLme1DoDpotMr4DW7Igfzw==","datetime":"2018/08/16 21:12:47"},"img/122.png":{"digest":"Yr9mazVRmYzYG5Lk58f7yyjXVk/b68C5wvLexgXDp1L6m+Pt/HPZwzugsk0Ikil1LEHrJLYjKGPi+wMISdSzpQ==","datetime":"2018/08/16 21:12:43"},"img/008.png":{"digest":"NquG/B2725icZKLvco6F0ZcsUX0gylYaflQLzrLdWyrkqx35dEuZQL7sWCUeVHDIn6HpNE15OlujAtBI8OUaVg==","datetime":"2018/08/16 21:12:42"},"img/154.png":{"digest":"irF0TLZ6cvJVOKVQ7z+JI3w0ad+T5POHIGdiB26NFuj5EqI9xDt7pi9VYCnqzRa+vbF/sebV7zf2AmSDQ5YorA==","datetime":"2018/08/16 21:12:43"},"audio/se112.ogg":{"digest":"V9mDfzlRNp8AQ2CEbHY10kRvxLyR+cUoTIMqsZ5oyfRKMSTqz7Aa1vX2U4dmVxb061HIILlYOnOd+Ul8+xCkSg==","datetime":"2018/08/16 21:12:46"},"img/199.png":{"digest":"0YEcMgzAcRrQVDBVQ/KWOQnQyrYGflxn2O7SrYMOXUAX/yKe1t5kz2Q6A0hl8CDqoPGVEBe3bxKQ0WeXe04rQA==","datetime":"2018/08/16 21:12:44"},"img/092.png":{"digest":"DJBWB36q5Wtnt90Ntwoq4XMnkHm0yfNuhUZByDMsolPoXEzek2za+xg1ls8b12qoHw/8n/EbRMIC+xhPsF4ecg==","datetime":"2018/08/16 21:12:43"},"img/237.png":{"digest":"6xxRCHma7FZnPPbd7jfnkcr7iyphTf52TstestSmw4rzBn2zVARyQSMfCIaVY/jFjrAX42KUlZkaVd3pJn56Tw==","datetime":"2018/08/16 21:12:44"},"audio/bgm005.ogg":{"digest":"ewRSo5g6WkIbLuTOPCkOn3JOZsriMQ3mNQQ6poYbAWhpaZXqi7mg3O1WZ+5Wd2EFW/e8gJoJ0jdQCOPWM/UvuA==","datetime":"2018/08/16 21:12:44"},"img/189.png":{"digest":"dOkcDmxv5o7QN9PiLTdYDSVWa85Vjf2aiX1f5ZEPime6fSLvfg4zoYnJd3ttepLgqMoLQoqIjNuMCy+rappqAQ==","datetime":"2018/08/16 21:12:43"},"img/font12x12.png":{"digest":"3IsjTz9hqdt5IyKjSM77MBi1EJBAXj94xEryxL5iXszphnn7MkD0e1Yc+/8ZbIl8ZasMWEneIEUZB0sfIRgBeA==","datetime":"2018/02/05 14:40:39"},"audio/se019.ogg":{"digest":"Dcdv6WRNBy68YlzqnOSJvTutG6HEt9HD3UTRhdDTVErLdGT9t3GB4yD3fVgGjPktJ8e8RVHP0+wLd0e96lg3sQ==","datetime":"2018/08/16 21:12:45"},"audio/se138.ogg":{"digest":"SR5r3EaqTtShxFvnHBHzuyYlJMnL9h2Am1f+rg2ef+CDWEsIdYTXcnz5EXoOnD4YX2xjlxfFXgIhM+OR8RD6tQ==","datetime":"2018/08/16 21:12:47"},"audio/se083.ogg":{"digest":"oq4p+prMvHCge+RtlGZoNZWiSKS9IbTflEf9ZCh1onIGKDP0ttQAlCvsBdl3hZmBymohAqaM/CZ1lSD7HXWJIQ==","datetime":"2018/08/16 21:12:46"},"img/077.png":{"digest":"umYh2kNKALm2Babez2e9OR/0lHzA9900shAtvzNXu5292ic0YlLyC8CHBJ9a0NHRkJDZd0iixvdDZa2B7FIcXQ==","datetime":"2018/08/16 21:12:42"},"img/232.png":{"digest":"Bq9/B61J+EYLPu71gH2ipWBnIe/8bFDfUeG/K0thMm1W9wuGP3cJEuwF9/IF+LWSW8UoLZgwQevl4F1FNzVG2Q==","datetime":"2018/08/16 21:12:44"},"img/186.png":{"digest":"XOoF3n0zWwntAt3n0W9V2zvMhWrJLcFUe4Qsh+KJkoIzYvCLD+hpSP29WesZHHubol6bHQ/jmTeQkm+AXu8/JQ==","datetime":"2018/08/16 21:12:43"},"img/155.png":{"digest":"jmNK1o+YefgQXd6e1KGZwcQ34jT7e7HEyTzVnZZCJPhgj7Io+enbRmPM+15qzGfj5sX/opcGS2uHtKErWYAPgg==","datetime":"2018/08/16 21:12:43"},"img/032.png":{"digest":"PHt9sF+dj1Dlqjh0AlWiHOXVeUit9XF/jM2VK0ijZxkFUuIKw931ljdQUmPk2dyqD/B7oUwcnr/kqSCs1WCfdA==","datetime":"2018/08/16 21:12:42"},"img/169.png":{"digest":"WC3kHVtDK6u0zzY5fmevPvqPA/lyp9ss8JbkRs6VL/UIExIdrGt/Jnkd7+WVLelSewUGz/I6m3gLIR5resr9Lg==","datetime":"2018/08/16 21:12:43"},"audio/se041.ogg":{"digest":"HSfu/UhTdrMTJryuBVsidGsSxeeXud4sv2GBBn7r9z34NnY2ppA6mZEUIWar3x6dyeGt9USMXzM0fjN1gXOV9A==","datetime":"2018/08/16 21:12:45"},"img/133.png":{"digest":"Xq6fDhElvsyLLPAj2LwewbO2VCjnCdqyod9Lpa1Bd0E+Ox0ggxCWSWvoIzMSan2FdlaucVFIXpqAgs9R8WP8lQ==","datetime":"2018/08/16 21:12:43"},"img/042.png":{"digest":"yoK5JsXI3Lrvydn1ivutPuPyGSOQgNDtECgv3f5iKb4WMFHv9w1E1Bvy3t2AaW5Zk9EU0DxA6PRiCWfSGULJYg==","datetime":"2018/08/16 21:12:42"},"audio/se094.ogg":{"digest":"rQhrh/32BXyIwhNPNHaiVS+2XcPVkaxUAgVbFPcLVTweeWygBl5itaIFQbELoteMcDNwlpb1jvgvQG5FJVSpPA==","datetime":"2018/08/16 21:12:46"},"img/139.png":{"digest":"+TgrlmDztcYcmMQJ6evyT7zLgu8pICoT6ui3tck8ofQm67DDA25vurCtLcAKBEbaK5g8jXz+iUcHMqwQYTmsww==","datetime":"2018/08/16 21:12:43"},"img/013.png":{"digest":"exAfchbW8yZC/UVUn7HKrV0g3KtA+DN6kWX0Ibb9J4q+LtjkT4wD8Ajg9KnDpzpHnPpwKgFomWWEV+XGbVuIBg==","datetime":"2018/08/16 21:12:42"},"audio/bgm024.ogg":{"digest":"3J+yUoVAFWHWp0k/Bg7ylde8sPwHlhLBwcQsZLO0ojRYOetgjjxNadRIg7qs53lRq9m6TKBmKWwiROuud3l+bQ==","datetime":"2018/08/16 21:12:45"},"img/204.png":{"digest":"VPCl6+1LIqPdEoNFCvS+NHda04E/z9/VUt87hZJo7bY0Ql7F7dq/v9pZoT9GFZq3xuXtOs4zSCAenLujdEF9og==","datetime":"2018/08/16 21:12:44"},"img/010.png":{"digest":"dBYi9t/oEZoFtEENnAHSOuuqBCtOtLgJ5iKChWOPqMSU+bXXv4s4eAP1b3C7ogtGoFyo8k4lriCIwOEGz/WOpg==","datetime":"2018/08/16 21:12:42"},"img/108.png":{"digest":"GAQdlTL0WioPa+JY4+ECNjjX3f7KGjv6PeJZWdINEjnUDIvjurLZqv43sJNLA1aUxIdEZRSWGNuAGaYMLiI2jA==","datetime":"2018/08/16 21:12:44"},"audio/bgm011.ogg":{"digest":"WhXnHrW2pBxL6zrCPGHr0fLc9TwpeEUYzynpjyDVZ+kYcChnXPRWx8KNNxwkCvDgrlkQ++pWuCYhNs63XBHtoQ==","datetime":"2018/08/16 21:12:44"},"audio/se087.ogg":{"digest":"JPRW68opioTs3D8tW3ENAISCtvOaUxYOY/0A/bjoBt81ke9ngk4hQGD7UUw6nphYcISh9PjK/4RQySVQWrvFXQ==","datetime":"2018/08/16 21:12:46"},"audio/se084.ogg":{"digest":"lXH9VOvmGqBwCPW1J8LqO/gjM63UBf3AHjeJmXxgwGWbdZuYxVjQsWpnHzkVkYsaIFS+yGOHsd7vLuQxpfJKEw==","datetime":"2018/08/16 21:12:46"},"img/070.png":{"digest":"AhcOTxJpig/6COYkKGNxwhZ0MIuHdWxQLvudvDqWnb3C8aCkX/OEio76qfrs7ym5ExFqB2cQ9dKhls9EqkEUXQ==","datetime":"2018/08/16 21:12:42"},"img/165.png":{"digest":"a7W6/SD9nh/mZY9WsGlcl/6kRZQDANPdZtNpv1wbt5B+IC5udK3ESFsdLOvu2tHr1Lz819TU3wvu1FVSOhmkBA==","datetime":"2018/08/16 21:12:43"},"audio/se042.ogg":{"digest":"VZoE3yVTP5Sj3VnFX3TInNB1/1cWhvZe9y9Ev9WzC1QtHYFDobELhTUx+i1eQm0GQCefWGWpdpvYvtRv90acLQ==","datetime":"2018/08/16 21:12:45"},"img/078.png":{"digest":"i0vzQL0SGFpnlrMNnT2Lq94L94112S9meHc8ZvEOEpMeSHyk5k6Z99LF6Rk+tT/7oJAQa5xtO+yZighMglq7fg==","datetime":"2018/08/16 21:12:44"},"img/206.png":{"digest":"Z9R6T/PNU7yId/UriKfyQ4p1wqsCtMYnzChFOPitj8CwJ7fKLk6TKv1uj5p7u4BO8/CPSHnf3F0T3R8Gmx4ggg==","datetime":"2018/08/16 21:12:44"},"audio/bgm017.ogg":{"digest":"HP2UJzxjLyyB5blvEjlog67KXfRyrS2EIYQNnZ+9dvfbNl1/W9TsXAYAOZr/F6QleJ1C89Y0KAZAro8cslcErw==","datetime":"2018/08/16 21:12:45"},"audio/se009.ogg":{"digest":"UDgdQEh4tcZVM2EZLyHsA3RH66WmrmQmMUEdGf2E+/wbbg5kFjllkUr/mXUxcrNAVt76Kbc3MZ4S7ES03auwmg==","datetime":"2018/08/16 21:12:45"},"img/231.png":{"digest":"wLAZa8tQSDGdMzNMELLEmnvUlnBISTsCSJnugOLN2tfjVGENkqg8wVpbtCy4dppJARUTuAmlf2HRSfmkGaAT9Q==","datetime":"2018/08/16 21:12:44"},"audio/se119.ogg":{"digest":"RmocnKEq0CeWAeMPmCdkBIh2aLU64x/qgEK9laaOt2BA0Q0syB4Yihistj53fEshZr7ojMhyBEvzcKGZcDo1Kw==","datetime":"2018/08/16 21:12:47"},"img/248.png":{"digest":"rMS32nunSMUZy9v0ihPmQvmTJa5zDSUIROWsLUfpmbZSvDeialQo9UaJHgOm8jvk4ZNwIP/C38U5htPr62bhcw==","datetime":"2018/08/16 21:12:44"},"audio/se159.ogg":{"digest":"1v78D6qI/5bJ9TQrVAdZQQYKiGWouDVssaN0fbiqbKBN95Q2c32PpfdMSMq7MWuRxT/mRrx/7QESFhhRw6BO5A==","datetime":"2018/08/16 21:12:47"},"img/064.png":{"digest":"G7av/RMmrmOMXTMa1gFxPgmSVXsqm7nd2BrcDdTPp7H/7nhIU4XrH/yPmvIFbLjj5z8pjNDnLW7XD/KOxIIddA==","datetime":"2018/08/16 21:12:43"},"img/170.png":{"digest":"I4IM9i3sh44iOHrb/Pq5kJSnfBi4/Vd6I5ZHHOUL8MvyrNhcNQ4uj0Nzb2PweYNFDkHWDFTwc4RKwPJmxJ1mVw==","datetime":"2018/08/16 21:12:43"},"img/157.png":{"digest":"qRAhl0TKgistGBYe4ynSEVbMQ38VoDDCyJPaxW5h0cs+93fFc6CZ0S0kmNJijPinbBDaKaOK+E3NuPUzIApRCw==","datetime":"2018/08/16 21:12:43"},"img/174.png":{"digest":"j13PS6+kwB2fmcGG9e3AhEfk3fyrr+wd+ZY4mpqMnIG4gHpHODLaPJJ4+f49Ba+SZnj+fIC++7A1Pmn7tet9LQ==","datetime":"2018/08/16 21:12:43"},"img/132.png":{"digest":"QNqnH6yX3PpcoVs6PANGqAqYRBmNaSdlFirwY14r789aefXMsqvOJLy+i1Zkr0FPjFlBXXH4v4QPuPs6AWhr4Q==","datetime":"2018/08/16 21:12:43"},"img/068.png":{"digest":"VPCl6+1LIqPdEoNFCvS+NHda04E/z9/VUt87hZJo7bY0Ql7F7dq/v9pZoT9GFZq3xuXtOs4zSCAenLujdEF9og==","datetime":"2018/08/16 21:12:42"},"audio/se021.ogg":{"digest":"mh+arCRunaxem7S2NL0qUza4mUWsi4C2vVSxtRydkJLTXrnYx6b/9/r/+aDed8fq7j42UuVTgPp37PIC/oyAxA==","datetime":"2018/08/16 21:12:45"},"audio/se069.ogg":{"digest":"ik4OIuPcvwy40HXZnO8IWM09oMGrhEpJ9jNmWi6ucoMoo4ewJYJBM329/vLMPjT41GlCD44BMA/a29tcy//fhw==","datetime":"2018/08/16 21:12:46"},"img/096.png":{"digest":"M2TepojqTQ3FImLvTO6hRP1Bh0EtTywS8IjE+prsMuhhWSsMWBMDhIcN5WhwFeDP39a/YZ2xswtXSc6p1P3Q9w==","datetime":"2018/08/16 21:12:44"},"img/210.png":{"digest":"400cJ1XUq9VAa6oP2m/FwppkfBI1gbdqx9lBBlRpN0gxGjiNo2ylrpvzxOF3qrYB550GBCmUI/1ez0P6UiFYGA==","datetime":"2018/08/16 21:12:44"},"img/219.png":{"digest":"EzHkRGGY6ffMOlDI1WPEOTqWKxtSQJurv16K3DpSVuxb0C1CWbgj+7FqeXH14DhkSDCJx+fvb3fH3tJIw4q07A==","datetime":"2018/08/16 21:12:44"},"img/073.png":{"digest":"4Ro/EMyRRznli+KA6KIfmGK1ZNUtws9GNAkQuG2WqH32yN+TePcYzCES9DKp+CwFr1zTbUhPcYiVRLQAe/T31g==","datetime":"2018/08/16 21:12:42"},"audio/se168.ogg":{"digest":"hw/nmKGAMzTG0YO/bWMPsjOl5HJXTcG5WeJJFZWmd19PP9tLFRxd4odXPz1avNA+2GeiwZ9mQz2IiHlOQgGswA==","datetime":"2018/08/16 21:12:47"},"audio/se141.ogg":{"digest":"6JN1g6KmKAiYNed09cK+VaYU3vr/rEUTjpVULOC2g5aplIjNGs+x2OU1VtkIPbcACTMBFmpis9wIGbb20IQdMw==","datetime":"2018/08/16 21:12:47"},"audio/se043.ogg":{"digest":"Q/S/4qpgUTCTyIpGNDhGnR+vUARiTp/zwtcAHhKgnzXOZdNUHWftMSDeNTm08VfcHaD+77Fn4ecvi9HHu/fq6w==","datetime":"2018/08/16 21:12:45"},"img/103.png":{"digest":"nnt4uRiaud0a46uHkR+CRUQtl7xN2BkBhNC/JHzk6fYQmfsPA+WmVH/Pppe6FHwZtn4J3/USTcNDnLpDjsgBGA==","datetime":"2018/08/16 21:12:44"},"img/123.png":{"digest":"9+GX1B175WLcfLDfULaIeMifx8ELkdUHs8txaXBvGu6uzOx9InMS0EmEP/JKDUF6uEsFAdPe5shYo3+9uW7cBQ==","datetime":"2018/08/16 21:12:43"},"img/211.png":{"digest":"B+N1Z3AoVuKpZ2vyFszT9D6BA0GLP+GNikxGxB69WPof9hcovBtAdekXW0EycXH313KKosHDJneg/D0acHsZHg==","datetime":"2018/08/16 21:12:44"},"audio/se085.ogg":{"digest":"z32Wb4AwyL7mdRjft/CS9bA1UfZEdGKkKQ9MdR1jd2u4aSJDyaGUESTGsCPWOdAKRM36TNMbHfHgvfQILH0h0Q==","datetime":"2018/08/16 21:12:46"},"audio/se065.ogg":{"digest":"DpjIp2gp7ds7eI42pLxAdtRBFM52tBpfXKS/VqBUxdtK2EmkE/p4HzjGv5M4q6NZBOW7feKIQlQlPPyl1fjZdA==","datetime":"2018/08/16 21:12:46"},"audio/se048.ogg":{"digest":"QhPvg6WHK/ATOPVQjP8OKXXmriWnl0kxEYsWi5IIDxUnXlkXEMwFH4o1dijyyaYOXdzy4Og0/BTMF+3tIWbq1g==","datetime":"2018/08/16 21:12:45"},"img/049.png":{"digest":"400cJ1XUq9VAa6oP2m/FwppkfBI1gbdqx9lBBlRpN0gxGjiNo2ylrpvzxOF3qrYB550GBCmUI/1ez0P6UiFYGA==","datetime":"2018/08/16 21:12:42"},"img/069.png":{"digest":"7zwPj/ft9xaaddvWJqJ7BhHdqvb+RyJ0tXPTsLq5Vy3ikqXFG/MOTJxMHxJ1kmlciFcWaeRTkBOHWi2nLWN+Ug==","datetime":"2018/08/16 21:12:42"},"audio/se140.ogg":{"digest":"axJnPEsL0lLOZM5dxlMpfFC8FfqDaQp6rtD94uaNBA2V5oFd1WlbzpRgHULwOM5L+pkU461DbzXUCcnFiSeTRw==","datetime":"2018/08/16 21:12:47"},"audio/se006.ogg":{"digest":"disvCRf76rc7jGUcB9nnHAAfqvYKYD9vnjME2ah8y0Q34tQlQrk1ql7X6YG0RWAja2a9BVBjP68PbskCaQGOpg==","datetime":"2018/08/16 21:12:45"},"audio/se157.ogg":{"digest":"/MKIA9mZDMZW8L6c/yPKdJF9SBXKYcY5F1UtgzUkGZVWmoBTI6Bz06gYGN/wv+hQobDcDPijaBcTtFAZJwhOAQ==","datetime":"2018/08/16 21:12:47"},"img/047.png":{"digest":"eipnYse+XUqi3FZwYqn0VUW+v1zR7jmUCXb8TrnuhrzoJdHli4D/iesZB9WjfmjPGrPj/ThRHhO2N/g5iWwD1A==","datetime":"2018/08/16 21:12:42"},"img/214.png":{"digest":"PHt9sF+dj1Dlqjh0AlWiHOXVeUit9XF/jM2VK0ijZxkFUuIKw931ljdQUmPk2dyqD/B7oUwcnr/kqSCs1WCfdA==","datetime":"2018/08/16 21:12:44"},"img/221.png":{"digest":"FcA33F6yRw23zNZYrlIc6jpz/T+hLpXR8B6EExgFBDtvOuwjuEQFU6Xs219vmfM/VqsHNFTHYekjrLqdyA4MdQ==","datetime":"2018/08/16 21:12:44"},"img/171.png":{"digest":"Fg4fv7RLjINL8aXbA9uQaYii2RlPy7NXZB3YFiR61B4NPJVFw6ZAIeearEAR4SM5pyC+A1Z5zqQebSf10ZlU1A==","datetime":"2018/08/16 21:12:43"},"img/183.png":{"digest":"ZRX38wXcG9WXW9TBjIQssodAYNjxCFdK6WqVACXZb39n4DQZ7Nzmg4wUpLfJFPbqhm3S4u5ukFaZ4uG8YLkfjQ==","datetime":"2018/08/16 21:12:43"},"img/087.png":{"digest":"feJxHGWmnn4ZPrzY1ryK8FyIUA85ArxcmFjw5GL7Ng0h6q+AEbnbAcOKwqLZnRVweEXYbU/VEtOyRdhNWZwizw==","datetime":"2018/08/16 21:12:44"},"img/107.png":{"digest":"gcUHICuuW4RRDMpoDApO7aY8pdNkNlL8HxOKQ198nHeYtRvaI1QXoVndVCAWsmMp9WMkqRq80XjIOP8tcFyZZw==","datetime":"2018/08/16 21:12:44"},"audio/se051.ogg":{"digest":"5gyvjMHKWOtOI7PKlRTruM21y/zZl1yfD2wP6mgX8SDSgHTVOlza8gksGyVJgAAyvhPtFwqebNIfwCXNB3nTXA==","datetime":"2018/08/16 21:12:45"},"img/015.png":{"digest":"LMzqXA3HxbtmRcvVMyfZTMATzjUndU9fu1mYL3IMD3kI6J3RSSwdLDIUHdNAYPsE7sZaI9TDZ3njGfZ9tSt98g==","datetime":"2018/08/16 21:12:42"},"audio/se124.ogg":{"digest":"VLBXqbM8ifFd9gfnw+7XcZ/1teCP8aQR7Rx71wmJTgILHRPN9tvsQmxYa48QRNsZCJwfaUZxh36tx1A0sQRL+w==","datetime":"2018/08/16 21:12:47"},"img/252.png":{"digest":"UItMVWUIDQbFmZgIv0pDUSiBwQ3m5FKrHazZCAV6NHQMFL1P3YwvG11/XoMcrhSJIBvN92vO1ZLo+us6KWx/eQ==","datetime":"2018/08/16 21:12:44"},"img/040.png":{"digest":"I4IM9i3sh44iOHrb/Pq5kJSnfBi4/Vd6I5ZHHOUL8MvyrNhcNQ4uj0Nzb2PweYNFDkHWDFTwc4RKwPJmxJ1mVw==","datetime":"2018/08/16 21:12:42"},"audio/se088.ogg":{"digest":"oU/QNj0VLx2+x3GLtWYDNY2L0E4igbvkSEBWARg6A0wat7dbsbp5CZ+zNZ3zwYIPlPFy8+PZR0mnkxhicBpAmQ==","datetime":"2018/08/16 21:12:46"},"img/126.png":{"digest":"Tzwo0Cu9wVxocFJ0XO8+ny/YjHJi0V0sM3t61Iqg0X8rHT09cfrz8PKOmSu3QuBiMmz1DeNPVL0g1Iz/QwogPw==","datetime":"2018/08/16 21:12:43"},"img/022.png":{"digest":"an4fhW0vu8CXxG7UUXbL0J02wNRvZOhGsBfG7nKLPR63b56zT2urxWQvZcXixXEXmNzOCQtRafNHhmmMccoA/Q==","datetime":"2018/08/16 21:12:44"},"img/041.png":{"digest":"p4EkoYDgRAXtclpmYJYQntpk220VykZgItATDpQN/NnwLvZ66UbSBJm7+Fi9pmGV5ZS2QIeiqJK7J8mEP99qcw==","datetime":"2018/04/05 10:22:25"},"audio/se030.ogg":{"digest":"wElmzSAGUQRkGLDD5gYU4TNqdH/cMbT57s/O1D3ozidUHGW6kUvOfe3mckiLRVDLAhOZCJkZxJRuwQ2AIvGwSw==","datetime":"2018/08/16 21:12:45"},"audio/bgm028.ogg":{"digest":"SUEXxJYjq1Y5aBNiKpqycJYGk0oIAHhtLf/3rG/HXlK/CapsSFsK1UIB3p4FE+OUz/wrc62Qz0LuHjD2wkI1jw==","datetime":"2018/08/16 21:12:45"},"img/147.png":{"digest":"p+H07XD8IScynOWRy95RY9KHq24SYICCsHy+Q6joqnJIXZDs7SKtEwBJsNYaXr8TBclKcwCoP+VjfNFXRkfbCA==","datetime":"2018/08/16 21:12:43"},"img/156.png":{"digest":"la9wYITy9oLPUXhELxcBBn4icuXXSGGFjqlLL4ndyHcTmiw6968ci4pKuT85iBXmI4aLG0Jz6/9wl+nEhjrQWg==","datetime":"2018/08/16 21:12:43"},"audio/se035.ogg":{"digest":"dXst5rUG3t9F2iL+FnsIEi8P+4ldfP1Hpum6dsyT1aY5elxi1/3yxoxnYGT72g6O4TjA7ezfEDJkA5adFjQyJQ==","datetime":"2018/08/16 21:12:45"},"audio/se029.ogg":{"digest":"cWQFMBX3wnwA7KMRyPaI8+8YPGYoPsGQr9JgwNlHdEzfxqKOeDwbTzBed138W5iJBBA++qkn8gH67vlKpkJvSQ==","datetime":"2018/08/16 21:12:45"},"audio/se096.ogg":{"digest":"CaWKTmQMuga369Ie+1uoHyEDF4srxnNogDp6j2Cbkf5qvYUpMEETUIiXQ7aJI8l56Uei8YXBw42a6+xgrHE7kw==","datetime":"2018/08/16 21:12:46"},"img/056.png":{"digest":"tXKRtq8gpKBrGp+DTFHczTB5tRc+85FlStPFJxpo3HgF23+SnPQGK0BChn1nAq9YK/Sfo60u8NOyc+2QcD3gdw==","datetime":"2018/08/16 21:12:42"},"img/093.png":{"digest":"1x3abJU0VHHH0acjB4nc6zJvkCdW2FQhlwfTNcfExCv3GFsLn0IebmSdMeVvpXyl0p8eCvZTioorknVjajVnpw==","datetime":"2018/08/16 21:12:43"},"img/118.png":{"digest":"U2Fiai2Dn8pIvqjjigt0pqu5WrGSAo48yn5LlQI/7zGC1iQXBboYQB1vUKyAcTnXcbhN+3V+SXONj9PM9Hwlgg==","datetime":"2018/08/16 21:12:44"},"audio/se166.ogg":{"digest":"Dy5SGFucHV9v/QtFonRG1FhGntcsa74n4KUlWmY+fvXlIlu2D6AI7kI4jyyoB/+j7xTdAfoHqM7ciWt2hICUOA==","datetime":"2018/08/16 21:12:47"},"audio/bgm018.ogg":{"digest":"hS+H7OnhhE1WUOjYjIMMVvh4BXZAMDVKz3VIp4t+FZRccdBA2CQE56qJlnmyQBIMEgYSP2+uPKNDcfqLSPohdQ==","datetime":"2018/08/16 21:12:45"},"img/060.png":{"digest":"Z6Q+G+WynjJVjWXTfDOKLvke5R4uzxLlJL0nOn0wKiQjjRv7uh/H+VE0PRkkTpJHi+EIK5a8tWH0LRrFtlP4Lg==","datetime":"2018/08/16 21:12:43"},"img/024.png":{"digest":"O9K4M16hZYaI53Crh/VWO2qH5wLcsiOdyh8qmX0Mh5xG47r2rq2CkIn4PzobievPA5mhNMVDO6kk1tz9Ezo2yA==","datetime":"2018/08/16 21:12:42"},"img/102.png":{"digest":"bUcBGKISgeQtGU4ir9jKjt8zNwh+kISViHQTQg/iHo2We5HCnfvc1p8VZu4mnMs0jQ9VapPZHjZVBVsl4AGyGQ==","datetime":"2018/08/16 21:12:44"},"img/152.png":{"digest":"fd7uAVa4ADarSoVHx/I1Afkd38aTnE5MQeXLZCq4L3GkwFQGA77zJ7aVkzkk+6p+OpDD19BOkAdRQRg/s/DU8w==","datetime":"2018/08/16 21:12:43"},"img/164.png":{"digest":"tQAEjv8sYJ345Ts6kn7aeemJxd5vC66jitDwIg7QiJ6IU27isleBWs7mHH0MEocxR24g/+87Z6TPCHXX++2Otw==","datetime":"2018/08/16 21:12:43"},"img/251.png":{"digest":"5bELegdbdMAMvNvp85I2K5oyHWRn2bRFAknik9rLsASuPEQfYpaK4gLRS+kpOLcQf5ZidIfImnUjH4cfGMt9hg==","datetime":"2018/08/16 21:12:44"},"img/026.png":{"digest":"U8cURjJqJVakYwIdV8GH60QD5uVIm6YpaoKc4D0TSyKu6fE9x8M4QsxgwhsKUy8KJPqMjUmMF7cyKBxIdW+pBA==","datetime":"2018/08/16 21:12:42"},"img/166.png":{"digest":"Z56ehL9A15lElo/D70ZBnOx4kitUeE37TxqKuMlVy+sdpwPwUiRg29S8ctVT0NVcuDKHsdQ3pA/VyaaMJ+qIMA==","datetime":"2018/08/16 21:12:43"},"img/116.png":{"digest":"XkDmXBLH65IgNnDt9W8rEmCOF5Po/Qq6i1b7tyrreuoyeUmxy9gnlqrNufU/TOPelAlwe4MQE/aq1OjODr0+Fg==","datetime":"2018/08/16 21:12:44"},"audio/se178.ogg":{"digest":"R+RWZObjpFLT7z/aVMitu37FA57MdpfYCwcTc/sgLkmrCgmznuDRgMB+5/dSVBAk5v2odK4Xh/5Haljn22o1qQ==","datetime":"2018/08/16 21:12:47"},"audio/se018.ogg":{"digest":"MevWXRfI9oPGXXBWlkP1hB/6Mc7DHIyU5GiaBWuHxHY7BK4vAClNg90DDqRWoT5mzyxWA1neYY1yn2Dg7lDs3Q==","datetime":"2018/08/16 21:12:45"},"audio/se122.ogg":{"digest":"1fTQnbQy6jJJi0ruAutitcTC3wEs7oJE4rzaVoxmOeDi62Ueb+pzoOWpyXR3K7GBMLh/3XsRYIGGfbLQTpdfpw==","datetime":"2018/08/16 21:12:47"},"audio/bgm003.ogg":{"digest":"Zu+ZB3XOIsw8K+/6oZKj50AH5kmRsTIj3c2EJsPiQ8FdSgUZRdovbyS49HnGn37qLsNtAsejwh8x9OnrmDszKg==","datetime":"2018/08/16 21:12:44"},"audio/se127.ogg":{"digest":"EXbqZAd8hW6RU3imjcimXP1jhzzq4pOsBKEJVHHhdyPOItnSPstzBLfvflelQY44rrgONxWagDN5mQD4chxNjQ==","datetime":"2018/08/16 21:12:47"},"audio/se136.ogg":{"digest":"npZI1x+GYUhtnrpJE757Mzc5viRVCDYu9y+1EIVf+XgJ9nau3cNY21LKOQD9jAS2CpvZ4dXG89r9DwQLdGNfhw==","datetime":"2018/08/16 21:12:47"},"audio/se074.ogg":{"digest":"9Zb8EHILnOp+Njy+JUPbXPENL8b4Z9qcPrJfRUx5OmEXP/56ZB/NhUvunkpKHqdqjhIgE0xZ6k5YuI/JTqpT8g==","datetime":"2018/08/16 21:12:46"},"img/090.png":{"digest":"vepjPTwoi1g7ZOswtjjr1N5KLIBQvl83Nd/AQmdzjO3RnyVmC71DYtnKpT/rg6cOEoHAD6M32SFzsHB5wJyHUQ==","datetime":"2018/08/16 21:12:43"},"audio/se010.ogg":{"digest":"tj/LEWYDBZYaqBA/jhd8sz88BvTeCZeuX1CYIPmVvmQSfKnoC9BSxl/wn4anK83uXksLmeCDEy6p5qD0lraEXg==","datetime":"2018/08/16 21:12:45"},"audio/se103.ogg":{"digest":"fBqkIdvaos3JIDRczyyd8E/gsOnkP8Taah7qkoNr0p8YgnWO9aAH/FQP2gh1OrrtLWemdE+3iUGl0iV6z41vgw==","datetime":"2018/08/16 21:12:46"},"audio/se089.ogg":{"digest":"FP5LQJFGPIYiESTSN8VD0m+dDm/4fnzFd6riH7queDLrnj2WVHIN/DPDEx9uOC9m9zC2zwJJw5RmZZzCSQcbRg==","datetime":"2018/08/16 21:12:46"},"img/216.png":{"digest":"xlwnl11hfqi6jpJzgpnJdJAQSSN4W7Gn9kvLI0FAXrbvlt2RI/6DrHgqwYudDvTrrM3YOnfdi9bsXZcIKktUIw==","datetime":"2018/05/01 15:04:30"},"audio/se050.ogg":{"digest":"BQgEuwzvUFC/CtOtw08Hc6Do0lyspQ5cOuHX13cW0Rajo8/7kvc/ywQd9tCn5dvn+0m8NoVnBFrx4lkIQkrXKA==","datetime":"2018/08/16 21:12:45"},"img/075.png":{"digest":"OXv2EHehqzJQr5pKZ1VO/EWQadUwFnLo79J175oCj7jFI7lkwzuAZAPpRkLkRMNn9wHhmpSEOEqmvCEz4ax8Gg==","datetime":"2018/08/16 21:12:44"},"audio/bgm016.ogg":{"digest":"yQlzfG5LWf4Z3TmO4snD0ky6PS+rs6WdN2br0ssmniiWkme/+cs4Wsxi5ohrFubbL5BaxahdwtUaqBu/D63RDQ==","datetime":"2018/08/16 21:12:45"},"img/061.png":{"digest":"6frNb7RyvRFr9OI8myaSSLNQsIeVABODM2I+1pjj1PFobzuGY9dSno1JwHWy13hGXNNn5urCMSdydpNcPRl70A==","datetime":"2018/04/09 11:59:07"},"img/091.png":{"digest":"+8HW+qQXxp7WT+zs0AoqZakPqAD/l01iYHaUfEFHr0vz5CXLupdTmCESvlnPkRedY8hHfHmxOVuBYzKaLxxOlw==","datetime":"2018/08/16 21:12:43"},"img/114.png":{"digest":"MqX4aCbLZ6LGV41Q8E0jMXeBP+z3BuTDpYqX1WdXmhVuzARIuWjXJ9GCZUGL+JheKjc8t0HPGfEIiT/oFtyYmg==","datetime":"2018/08/16 21:12:44"},"img/168.png":{"digest":"ZDdkTz7kblHCfoDXjNSUhqFD/yHm/TEc7GIcl8tDm1iMjgWYd9w+zjhSJQo6dwGk9Igp9pdm69tPSOLG3k3Ygw==","datetime":"2018/08/16 21:12:43"},"img/149.png":{"digest":"/qKfFGdtiHfpvrlbZWyeY+gPU9HlV+8KXCbX6mWfWJUZIlXUsg6eHYT5TnWfMPzFmv5pb67OVGieOtxGk5UEeQ==","datetime":"2018/08/16 21:12:43"},"img/150.png":{"digest":"/5RyBmT8ZrwIHR16DcpPxehbXENFX9743+aucQi6pSSPn2qJAepgAzYNC4jzhCPm/mT3+/3+rUkGB5DeLmfNsA==","datetime":"2018/08/16 21:12:43"},"audio/se113.ogg":{"digest":"Q6VzIbVspvSbThGQz/2ANe990PGP1LwcYRmJU0pf/RdyzQM39iUnRqw+NC2ropWwu7fvhjBHRqBj28t+Wd9C2w==","datetime":"2018/08/16 21:12:46"},"img/029.png":{"digest":"FcA33F6yRw23zNZYrlIc6jpz/T+hLpXR8B6EExgFBDtvOuwjuEQFU6Xs219vmfM/VqsHNFTHYekjrLqdyA4MdQ==","datetime":"2018/08/16 21:12:42"},"audio/se040.ogg":{"digest":"+nNdf/eAA+DmHveY0fumHFJRIT1shmjq62SVxrzYyYNO0iCp0g8Y4XsQrrUg3nZefxtOgCIcV45wHfIvRGC+/w==","datetime":"2018/08/16 21:12:45"},"img/012.png":{"digest":"x6a/THyruYaEZ6+5x9jbTIbbdqn8KdsTGDsp/BMeQ61u/iNzXW9ZeXmp0Bmmm4mmOjZY5fAobnwVtEsqRncEwA==","datetime":"2018/08/16 21:12:42"},"audio/se174.ogg":{"digest":"rR4Kvjc4Bi3bv/H22rlV84eFk4pFBrfQhh/7g4jyh5HSTWTT+xx0+ImF28gDJ+dYY1uqVDxDdHIxK0/6PKDyzw==","datetime":"2018/08/16 21:12:47"},"img/261.png":{"digest":"lNRs5a8CJxY8kLo4SgXoi+bykB0x6db7TQ5kPOY2Q4Fay8P+i7lQo5ptQ2Kn1ri57wiJQwmYtnn8muBWWwHNiw==","datetime":"2020/11/28 16:59:43"},"img/198.png":{"digest":"p8Ss5ke5VVq5VLov4FYQ22uLJIU+K7j2rZ++82vURPVlsZmbo3PMkbL/M9c5olDmUwKPjB5I+5qFQqPiWOIJ+A==","datetime":"2018/08/16 21:12:44"},"img/238.png":{"digest":"GU1NmO/WEcHXjaWAFU6QDS4Y6kbcK9Ynvz7jFONO11m6/uqItilcd7Q/Kuv6Q/mANdFfOcLM96RTN1xeQPX/tw==","datetime":"2018/08/16 21:12:44"},"audio/se028.ogg":{"digest":"ulWl9bt96fNIdc+e+9m02cnYlSMKiYLleXsXLCimPNIEmVylkhP1d6hs2yNXEi53DbSAgnDh/dLzYnmU+T7pmw==","datetime":"2018/08/16 21:12:45"},"audio/se110.ogg":{"digest":"HeZh/l1/PgpzzPdUfDofwSnQ/MkorLnU4ybSSFZkCghwk2N6mqsPA1ZLeGVDX32BpAxawsrm+DdApZypeX8yaw==","datetime":"2018/08/16 21:12:46"},"audio/se109.ogg":{"digest":"7cKmKPjW8G9NEFL/oj9auKlOO7GEfL44rEFvCDjxWy+s/+YHhoepvoQuNG9qpk07RxRK+pUXjTCQPvOKhMGcJw==","datetime":"2018/08/16 21:12:46"},"img/particle001.png":{"digest":"2gCPGSLBiMFYsDROb9tESjPIyQp1i5xtdPON6YmiJdeBiBbO2GwH/hQlUVPGyfuIqxSQIi/xIIEpaLWOYx1LYA==","datetime":"2018/03/28 10:26:30"},"audio/se095.ogg":{"digest":"MJ+EDEyI4t9Oo0ChQiT/NriNjU9J138u+e+MkrQ6xnvhS7GAeINiz1hA1rIA7cc09X6s9zqXTLjbIMYUuKP6tQ==","datetime":"2018/08/16 21:12:46"},"img/080.png":{"digest":"Qn6VJdQ4Uf1Q0XGe899C60xektG3mCAPtwSlboOODUY6eMGDyVPvw9LLmuhMg+6VuqxU87SMMNad4gRfgUZjOg==","datetime":"2018/08/16 21:12:44"},"img/190.png":{"digest":"xIje0NAKa12OV+yyo8wL6Qw1zfnK2djRI9IOHawAnsr8eSzcAxw1n8uruM6lWGxxUOIInNEZ2KOOSqFaILRoOQ==","datetime":"2018/08/16 21:12:43"},"img/226.png":{"digest":"tz7cE/I4uV9/BdeKtv/KWBzVUUrIuQPTublkuMWsRikC3qOTDfQr05qes3BOTxRC+v0+4SWPj/+BJ/oRYx4BWg==","datetime":"2018/08/16 21:12:44"},"audio/bgm027.ogg":{"digest":"cohDsBd9KCm0CNac/9cqA669C8AjAxD2XveJoObx5FxQo9fjNkLgpf4dQLdUAi3X3fF1a/Iqdzky1unfkT/brQ==","datetime":"2018/08/16 21:12:45"},"audio/se177.ogg":{"digest":"+j4w0db7WXxRIbXxOpcKDK+EXOSbbIUaWRU3lnQSipArO8wcQga8xPdvsIIUn83M4H01UBhQF8ZYffVp2mBW9w==","datetime":"2018/08/16 21:12:47"},"audio/se092.ogg":{"digest":"8MH1AAu/9M4w9fkaPN2/CH7Q0wtXbTAuNwooJqk631sPd7DtVnvzXqgMhcNWF3PWX6BMJiO9xkIZVQJPRTp56w==","datetime":"2018/08/16 21:12:46"},"img/160.png":{"digest":"uk+7FIVxMdh6x7fJhshnJa3RJCi7KkClmVLPESNx9rPXQY2jSEtXoCTLWEFnvRLzyrhVFFCzKvX5p7oObFYuaQ==","datetime":"2018/08/16 21:12:43"},"img/225.png":{"digest":"7zwPj/ft9xaaddvWJqJ7BhHdqvb+RyJ0tXPTsLq5Vy3ikqXFG/MOTJxMHxJ1kmlciFcWaeRTkBOHWi2nLWN+Ug==","datetime":"2018/08/16 21:12:44"},"img/263.png":{"digest":"IUumgyU62MOnaN9GOQwp2DEibULsBZhZCFfkd50JNInQtijLgp/xG6VVyNnVpk/bwv0m1Le6xOzTIlkkUP37Mw==","datetime":"2020/11/28 20:16:16"},"img/048.png":{"digest":"ZRX38wXcG9WXW9TBjIQssodAYNjxCFdK6WqVACXZb39n4DQZ7Nzmg4wUpLfJFPbqhm3S4u5ukFaZ4uG8YLkfjQ==","datetime":"2018/08/16 21:12:42"},"img/179.png":{"digest":"tpLzcEHqUCXc3gjy/F7mIwKC0n8xMtrDYDdKylv9D3FqDpyvKqD5cayqLnw6INV3VHuTYq/3PsLhNy+PuTT6/A==","datetime":"2018/08/16 21:12:43"},"audio/se060.ogg":{"digest":"xL5s4wM+K7uo8mNiRCQajn2HzHaM063Am5HWsLzq4XpN/9MFPpb+r2vw4F82lygA0RLDpDx/Ide2cxulMrKgnA==","datetime":"2018/08/16 21:12:46"},"img/195.png":{"digest":"SbUeQ2XRM3cR4Ocs1wIvNmGTc40GCqP3qVA8FYYQ0G7BgxAO8Em9KJbwDSZrM+KnFOttTDfi96Hw8L8RqNm2Vg==","datetime":"2018/08/16 21:12:43"},"img/175.png":{"digest":"CIYHrN+T3r7y/6/EgjRqlDA7icokKiK1V6ajEzy/Q8wM2tfmbTEwO+ittV/5nIZB0/WdmNy+983FDH7mI4m05Q==","datetime":"2018/08/16 21:12:43"},"audio/se036.ogg":{"digest":"PkqxUxghN21QiKflL4LS1pAN/Pwwa2GV+YzI4koTkMjBS/4H6+rIEel3hc2rz7FufgbnnjPjXdk2SKDSyia3nQ==","datetime":"2018/08/16 21:12:45"},"audio/se002.ogg":{"digest":"rGrHf7w9+3Goev1QRFwtuKX1VIU3pZS74EEgSdp2PJzbsd9ViYeZWpsUverJyfCXFP2q8e/IgtdOi9ZOM+GOQg==","datetime":"2018/08/16 21:12:45"},"audio/se004.ogg":{"digest":"ORJanmyFpX2jHYwEdu10RYCLS2/7rpKeP1pYeFO6taAn8zZgf3kOufM/4naYimghcU3R6ebQOK4qTJkITR4y9g==","datetime":"2018/08/16 21:12:45"},"img/089.png":{"digest":"0EKNEZjbqeISIY15SDlYtTuuA/ILNDaTiz+YpcFaolTnZrN8YxBsXpSSWgp+BffHkVjZrPOXvsHeyg29CrTz6g==","datetime":"2018/08/16 21:12:44"},"img/145.png":{"digest":"dQdLvG+H1aK47+7/Vd6xWW9nStNkPdzJZccSG2wK+1SeRVvWLraBVveLkAjeCWzrouiwluu8UKgP8O6GLym2pw==","datetime":"2018/08/16 21:12:43"},"img/213.png":{"digest":"U8cURjJqJVakYwIdV8GH60QD5uVIm6YpaoKc4D0TSyKu6fE9x8M4QsxgwhsKUy8KJPqMjUmMF7cyKBxIdW+pBA==","datetime":"2018/08/16 21:12:44"},"audio/se056.ogg":{"digest":"BFWTUWlAxPPWTlJJGOK4kClPkO+xsQpKbHfRI2UF3p/du16z2tH+6339d+DkkFtlm63B+t9HcdwuRhALOEn7xQ==","datetime":"2018/08/16 21:12:46"},"img/159.png":{"digest":"cVIB/rxBe6Rq9rulbx4Wv3OXk7IketLZyYeRW1s1Uz9U8w93Wl92tJj5YUyrvXaQIB+i+M20bg6oQPUsfWa1QA==","datetime":"2018/08/16 21:12:43"},"img/217.png":{"digest":"kDsuG9xnRYJL0mKyLRzrdentsv5dh0uZDqUHa3TnioX8DzzBlbWSOrb39/YcmZuDsSxFNE7EfyhuuTZo1XIsdQ==","datetime":"2018/08/16 21:12:44"},"img/036.png":{"digest":"n4SFlwfGmogBonB19OI1UlF54kcbHA8aOd7SkoQdTK2zrecgE7UCaqRJPqBzQfZSluAvurrNqNgNISodGHTZsw==","datetime":"2018/08/16 21:12:42"},"img/014.png":{"digest":"O9K4M16hZYaI53Crh/VWO2qH5wLcsiOdyh8qmX0Mh5xG47r2rq2CkIn4PzobievPA5mhNMVDO6kk1tz9Ezo2yA==","datetime":"2018/08/16 21:12:42"},"img/137.png":{"digest":"IKyoC+DatJsLgiWHLVAIVg/6zP4vN0G0Ddu8ezuku+jUD/c1ftTonqaj9gOGql7wr+yYIFYHPcyXxhwfu7tAHQ==","datetime":"2018/08/16 21:12:43"},"img/227.png":{"digest":"1Di2EXtJ9Vc3K2D9EDroxckGqXXxwk/jRenKkZn1wBBidmYfj/Drkl+DemUgE7RE08kUnGi9YweevVMRSuITAQ==","datetime":"2018/08/16 21:12:44"},"audio/se012.ogg":{"digest":"hsDPcmmQhX3mdmZ3CEKoWYDhdmBQI23FiybhwjcIxg3eOOPC9OIkuBykHzkrKfhZyqYeYKjKzOW3S5TmsOUu4Q==","datetime":"2018/08/16 21:12:45"},"img/106.png":{"digest":"i+wV4akrmjaQ2EMKu0z7ykXQAaA2hsI3bkKnNpIisvyXhDYQPgBp8hLWzOFXVymGbTF1cSvuPK/EnX8iOaM2cw==","datetime":"2018/08/16 21:12:44"},"img/193.png":{"digest":"HDy77aKHMLU5C9//ZbBlKGqmZkvZVJ77O9QZK1dAHv0YBsSV4YPK5ajJgovZAeVyKdhPpNOCvM331qp5lEsn9A==","datetime":"2018/08/16 21:12:43"},"audio/se024.ogg":{"digest":"xYgKM3zl7hXvIPSQfwqSSRktNJ396LsEjmtha/yXytAfVYRb2AfqmQh0WZeLIlpUIBN0wAEX2Wf/69WatDFUTw==","datetime":"2018/08/16 21:12:45"},"img/110.png":{"digest":"GFWTlp9yLDZ7mazFCt8A50CX+KuuqoZdgt9czT76YRucz0p6OKYIqbXiOntayBSkcoYIgVCtFgZ1zIOlJopV0g==","datetime":"2018/08/16 21:12:44"},"img/gameIcon.png":{"digest":"5HhszH4N5uD+dqQYBGG+FOIYLFPeToatIVuXGMRlCNIkXmrDTirBns1mphxR/f/q1L+7wRq43coVMoCHeO4VYw==","datetime":"2018/08/16 21:12:42"},"audio/se179.ogg":{"digest":"K86jo0yZbXdDe7S7LCd7VjnyVzbW8yial8VO2RNjq/UdMFX4w8taF4bUo1S6ApRi8NU75dnL1rbi7nChVddAdg==","datetime":"2018/08/16 21:12:47"},"img/203.png":{"digest":"Lo3egwboo71lqsuXc6mG2Ud2KQQWtJxjc1rPbMLzxc8kNWsipW9sjnfzwqfZ1gutvljU0Ew/GvMrtMD1DwvcmA==","datetime":"2018/08/16 21:12:44"},"audio/se039.ogg":{"digest":"eQkhwqQYxsK+5EpjCSUHae8wdm9pLi17k0dk+xQZ6K5pmCgiqkY5Z/dCzSpEMsFrERHOq69Pt8T8yajMTgkPjg==","datetime":"2018/08/16 21:12:45"},"audio/se003.ogg":{"digest":"UBYJz19YFDCh4naLrZx7Vhiw5UcNs/KhN3hQnVOPlk1nIQz5l/RYg71aRLLstLgki+4ws7eBLYSZ5gfWSEskvA==","datetime":"2018/08/16 21:12:45"},"img/font6x10.png":{"digest":"Q/9sLVPlR950RpKlb36x5wG+DnAxGVDKLx42t1+/koVMw6C7oSUhkc2ZLR3Wg0GwfYyb2MWijNFTONs5jlMsng==","datetime":"2018/02/05 14:40:39"},"audio/se102.ogg":{"digest":"xSCVJo4MQx0QHYtNignPLkMYZChhI4g3cywy5nqjjLlywN5UXiALfazMDfatfjYOZwNdHnV3wQDJjadfYmMw2g==","datetime":"2018/08/16 21:12:46"},"audio/se016.ogg":{"digest":"tpI/SH2eeEHoV0gNacfzoIZzCjEqbBMeVZgv31+ptMfQyf2MpwI8QS32jDt1hXkpSRGDJEANeMPiz1y/jlNbWw==","datetime":"2018/08/16 21:12:45"},"audio/se015.ogg":{"digest":"zWzYPg74t5UWRhAgD9CK83uF5vEGtLmPfcrfMPKJq1FlWu90hS7X0R2RSOYFk8y4fa8/0/DCRESDd2Y4i42TYg==","datetime":"2018/08/16 21:12:45"},"img/151.png":{"digest":"L4hKYXOlu4HJSniFd7HF97SrKcNMrz/wiUoiyBuFbFjSDpXcgoJ2XSbBoFyDRg5l92/rm70F0MCnJ+PadAeeNA==","datetime":"2018/08/16 21:12:43"},"img/023.png":{"digest":"j13PS6+kwB2fmcGG9e3AhEfk3fyrr+wd+ZY4mpqMnIG4gHpHODLaPJJ4+f49Ba+SZnj+fIC++7A1Pmn7tet9LQ==","datetime":"2018/08/16 21:12:42"},"img/095.png":{"digest":"E4mmkFhXcNWDTXkaRWMgHtbkzw3V2Z99uoZpk6iWhTS53Aib1laker/WwATka5a4NdJWqgalbvJttkPg/68VJA==","datetime":"2018/08/16 21:12:43"},"img/167.png":{"digest":"xN7V+n43gQ697mv/AN4vZeDxdLHHYiGZZXpTo+SiYu7/1MS9DONvtXHKIrc4NdfEc2E56kxs/kLkMPgarMOZoA==","datetime":"2018/08/16 21:12:43"},"img/208.png":{"digest":"JZfPjsFwDP2EhyjMo03wLBnVzxlStuEbxDcYKABpadwys5zeiMRQKtlPrFHsRhm415b/pErZ+eB/fEAng6tjZA==","datetime":"2018/08/16 21:12:44"},"audio/se090.ogg":{"digest":"XW8/XuZVdIf5kRTdVje4u20b4jQXz0z01J8RKVwK51LDsX20p/PTeh9UWHxoJNo4XMbkfC/LXkXexpLjuRGuJw==","datetime":"2018/08/16 21:12:46"},"audio/se045.ogg":{"digest":"DFcGjG0lyKXYxMcc2C+fdWbTxHLGAr3dHjyc8G3nn85WlL8z69BIhCdb8at97jJSMVUuoxKv84IiCw5FwgZsug==","datetime":"2018/08/16 21:12:45"},"audio/se142.ogg":{"digest":"ynJ2fEn/0UPadHaDN+cgKcAErATmWbufvy2xtapbawRiTZwkIAvK8pEk3OofKNhacdaGTsfHinaev1vInFhvtw==","datetime":"2018/08/16 21:12:47"},"audio/bgm013.ogg":{"digest":"9CImXJ3GJBvAwJ9nFHvJ+E/XKDUMBZTXE8L90VmEn14/IzNiUtlOsjIzeqM6/ytlVaMM9MWhYfdJE/yLMd9Ddg==","datetime":"2018/08/16 21:12:44"}}